date,month,fiscal_year,fy_month_num,quarters,ytd_ytg
Sep-19,Sep-19,2020,1,Q1,YTD
Sep-19,Sep-19,2020,1,Q1,YTD
Sep-19,Sep-19,2020,1,Q1,YTD
Sep-19,Sep-19,2020,1,Q1,YTD
Sep-19,Sep-19,2020,1,Q1,YTD
Sep-19,Sep-19,2020,1,Q1,YTD
Sep-19,Sep-19,2020,1,Q1,YTD
Sep-19,Sep-19,2020,1,Q1,YTD
Sep-19,Sep-19,2020,1,Q1,YTD
Sep-19,Sep-19,2020,1,Q1,YTD
Sep-19,Sep-19,2020,1,Q1,YTD
Sep-19,Sep-19,2020,1,Q1,YTD
Sep-19,Sep-19,2020,1,Q1,YTD
Sep-19,Sep-19,2020,1,Q1,YTD
Sep-19,Sep-19,2020,1,Q1,YTD
Sep-19,Sep-19,2020,1,Q1,YTD
Sep-19,Sep-19,2020,1,Q1,YTD
Sep-19,Sep-19,2020,1,Q1,YTD
Sep-19,Sep-19,2020,1,Q1,YTD
Sep-19,Sep-19,2020,1,Q1,YTD
Sep-19,Sep-19,2020,1,Q1,YTD
Sep-19,Sep-19,2020,1,Q1,YTD
Sep-19,Sep-19,2020,1,Q1,YTD
Sep-19,Sep-19,2020,1,Q1,YTD
Sep-19,Sep-19,2020,1,Q1,YTD
Sep-19,Sep-19,2020,1,Q1,YTD
Sep-19,Sep-19,2020,1,Q1,YTD
Sep-19,Sep-19,2020,1,Q1,YTD
Sep-19,Sep-19,2020,1,Q1,YTD
Sep-19,Sep-19,2020,1,Q1,YTD
Oct-19,Oct-19,2020,2,Q1,YTD
Oct-19,Oct-19,2020,2,Q1,YTD
Oct-19,Oct-19,2020,2,Q1,YTD
Oct-19,Oct-19,2020,2,Q1,YTD
Oct-19,Oct-19,2020,2,Q1,YTD
Oct-19,Oct-19,2020,2,Q1,YTD
Oct-19,Oct-19,2020,2,Q1,YTD
Oct-19,Oct-19,2020,2,Q1,YTD
Oct-19,Oct-19,2020,2,Q1,YTD
Oct-19,Oct-19,2020,2,Q1,YTD
Oct-19,Oct-19,2020,2,Q1,YTD
Oct-19,Oct-19,2020,2,Q1,YTD
Oct-19,Oct-19,2020,2,Q1,YTD
Oct-19,Oct-19,2020,2,Q1,YTD
Oct-19,Oct-19,2020,2,Q1,YTD
Oct-19,Oct-19,2020,2,Q1,YTD
Oct-19,Oct-19,2020,2,Q1,YTD
Oct-19,Oct-19,2020,2,Q1,YTD
Oct-19,Oct-19,2020,2,Q1,YTD
Oct-19,Oct-19,2020,2,Q1,YTD
Oct-19,Oct-19,2020,2,Q1,YTD
Oct-19,Oct-19,2020,2,Q1,YTD
Oct-19,Oct-19,2020,2,Q1,YTD
Oct-19,Oct-19,2020,2,Q1,YTD
Oct-19,Oct-19,2020,2,Q1,YTD
Oct-19,Oct-19,2020,2,Q1,YTD
Oct-19,Oct-19,2020,2,Q1,YTD
Oct-19,Oct-19,2020,2,Q1,YTD
Oct-19,Oct-19,2020,2,Q1,YTD
Oct-19,Oct-19,2020,2,Q1,YTD
Oct-19,Oct-19,2020,2,Q1,YTD
Nov-19,Nov-19,2020,3,Q1,YTD
Nov-19,Nov-19,2020,3,Q1,YTD
Nov-19,Nov-19,2020,3,Q1,YTD
Nov-19,Nov-19,2020,3,Q1,YTD
Nov-19,Nov-19,2020,3,Q1,YTD
Nov-19,Nov-19,2020,3,Q1,YTD
Nov-19,Nov-19,2020,3,Q1,YTD
Nov-19,Nov-19,2020,3,Q1,YTD
Nov-19,Nov-19,2020,3,Q1,YTD
Nov-19,Nov-19,2020,3,Q1,YTD
Nov-19,Nov-19,2020,3,Q1,YTD
Nov-19,Nov-19,2020,3,Q1,YTD
Nov-19,Nov-19,2020,3,Q1,YTD
Nov-19,Nov-19,2020,3,Q1,YTD
Nov-19,Nov-19,2020,3,Q1,YTD
Nov-19,Nov-19,2020,3,Q1,YTD
Nov-19,Nov-19,2020,3,Q1,YTD
Nov-19,Nov-19,2020,3,Q1,YTD
Nov-19,Nov-19,2020,3,Q1,YTD
Nov-19,Nov-19,2020,3,Q1,YTD
Nov-19,Nov-19,2020,3,Q1,YTD
Nov-19,Nov-19,2020,3,Q1,YTD
Nov-19,Nov-19,2020,3,Q1,YTD
Nov-19,Nov-19,2020,3,Q1,YTD
Nov-19,Nov-19,2020,3,Q1,YTD
Nov-19,Nov-19,2020,3,Q1,YTD
Nov-19,Nov-19,2020,3,Q1,YTD
Nov-19,Nov-19,2020,3,Q1,YTD
Nov-19,Nov-19,2020,3,Q1,YTD
Nov-19,Nov-19,2020,3,Q1,YTD
Dec-19,Dec-19,2020,4,Q2,YTD
Dec-19,Dec-19,2020,4,Q2,YTD
Dec-19,Dec-19,2020,4,Q2,YTD
Dec-19,Dec-19,2020,4,Q2,YTD
Dec-19,Dec-19,2020,4,Q2,YTD
Dec-19,Dec-19,2020,4,Q2,YTD
Dec-19,Dec-19,2020,4,Q2,YTD
Dec-19,Dec-19,2020,4,Q2,YTD
Dec-19,Dec-19,2020,4,Q2,YTD
Dec-19,Dec-19,2020,4,Q2,YTD
Dec-19,Dec-19,2020,4,Q2,YTD
Dec-19,Dec-19,2020,4,Q2,YTD
Dec-19,Dec-19,2020,4,Q2,YTD
Dec-19,Dec-19,2020,4,Q2,YTD
Dec-19,Dec-19,2020,4,Q2,YTD
Dec-19,Dec-19,2020,4,Q2,YTD
Dec-19,Dec-19,2020,4,Q2,YTD
Dec-19,Dec-19,2020,4,Q2,YTD
Dec-19,Dec-19,2020,4,Q2,YTD
Dec-19,Dec-19,2020,4,Q2,YTD
Dec-19,Dec-19,2020,4,Q2,YTD
Dec-19,Dec-19,2020,4,Q2,YTD
Dec-19,Dec-19,2020,4,Q2,YTD
Dec-19,Dec-19,2020,4,Q2,YTD
Dec-19,Dec-19,2020,4,Q2,YTD
Dec-19,Dec-19,2020,4,Q2,YTD
Dec-19,Dec-19,2020,4,Q2,YTD
Dec-19,Dec-19,2020,4,Q2,YTD
Dec-19,Dec-19,2020,4,Q2,YTD
Dec-19,Dec-19,2020,4,Q2,YTD
Dec-19,Dec-19,2020,4,Q2,YTD
Jan-20,Jan-20,2020,5,Q2,YTG
Jan-20,Jan-20,2020,5,Q2,YTG
Jan-20,Jan-20,2020,5,Q2,YTG
Jan-20,Jan-20,2020,5,Q2,YTG
Jan-20,Jan-20,2020,5,Q2,YTG
Jan-20,Jan-20,2020,5,Q2,YTG
Jan-20,Jan-20,2020,5,Q2,YTG
Jan-20,Jan-20,2020,5,Q2,YTG
Jan-20,Jan-20,2020,5,Q2,YTG
Jan-20,Jan-20,2020,5,Q2,YTG
Jan-20,Jan-20,2020,5,Q2,YTG
Jan-20,Jan-20,2020,5,Q2,YTG
Jan-20,Jan-20,2020,5,Q2,YTG
Jan-20,Jan-20,2020,5,Q2,YTG
Jan-20,Jan-20,2020,5,Q2,YTG
Jan-20,Jan-20,2020,5,Q2,YTG
Jan-20,Jan-20,2020,5,Q2,YTG
Jan-20,Jan-20,2020,5,Q2,YTG
Jan-20,Jan-20,2020,5,Q2,YTG
Jan-20,Jan-20,2020,5,Q2,YTG
Jan-20,Jan-20,2020,5,Q2,YTG
Jan-20,Jan-20,2020,5,Q2,YTG
Jan-20,Jan-20,2020,5,Q2,YTG
Jan-20,Jan-20,2020,5,Q2,YTG
Jan-20,Jan-20,2020,5,Q2,YTG
Jan-20,Jan-20,2020,5,Q2,YTG
Jan-20,Jan-20,2020,5,Q2,YTG
Jan-20,Jan-20,2020,5,Q2,YTG
Jan-20,Jan-20,2020,5,Q2,YTG
Jan-20,Jan-20,2020,5,Q2,YTG
Jan-20,Jan-20,2020,5,Q2,YTG
Feb-20,Feb-20,2020,6,Q2,YTG
Feb-20,Feb-20,2020,6,Q2,YTG
Feb-20,Feb-20,2020,6,Q2,YTG
Feb-20,Feb-20,2020,6,Q2,YTG
Feb-20,Feb-20,2020,6,Q2,YTG
Feb-20,Feb-20,2020,6,Q2,YTG
Feb-20,Feb-20,2020,6,Q2,YTG
Feb-20,Feb-20,2020,6,Q2,YTG
Feb-20,Feb-20,2020,6,Q2,YTG
Feb-20,Feb-20,2020,6,Q2,YTG
Feb-20,Feb-20,2020,6,Q2,YTG
Feb-20,Feb-20,2020,6,Q2,YTG
Feb-20,Feb-20,2020,6,Q2,YTG
Feb-20,Feb-20,2020,6,Q2,YTG
Feb-20,Feb-20,2020,6,Q2,YTG
Feb-20,Feb-20,2020,6,Q2,YTG
Feb-20,Feb-20,2020,6,Q2,YTG
Feb-20,Feb-20,2020,6,Q2,YTG
Feb-20,Feb-20,2020,6,Q2,YTG
Feb-20,Feb-20,2020,6,Q2,YTG
Feb-20,Feb-20,2020,6,Q2,YTG
Feb-20,Feb-20,2020,6,Q2,YTG
Feb-20,Feb-20,2020,6,Q2,YTG
Feb-20,Feb-20,2020,6,Q2,YTG
Feb-20,Feb-20,2020,6,Q2,YTG
Feb-20,Feb-20,2020,6,Q2,YTG
Feb-20,Feb-20,2020,6,Q2,YTG
Feb-20,Feb-20,2020,6,Q2,YTG
Feb-20,Feb-20,2020,6,Q2,YTG
Mar-20,Mar-20,2020,7,Q3,YTG
Mar-20,Mar-20,2020,7,Q3,YTG
Mar-20,Mar-20,2020,7,Q3,YTG
Mar-20,Mar-20,2020,7,Q3,YTG
Mar-20,Mar-20,2020,7,Q3,YTG
Mar-20,Mar-20,2020,7,Q3,YTG
Mar-20,Mar-20,2020,7,Q3,YTG
Mar-20,Mar-20,2020,7,Q3,YTG
Mar-20,Mar-20,2020,7,Q3,YTG
Mar-20,Mar-20,2020,7,Q3,YTG
Mar-20,Mar-20,2020,7,Q3,YTG
Mar-20,Mar-20,2020,7,Q3,YTG
Mar-20,Mar-20,2020,7,Q3,YTG
Mar-20,Mar-20,2020,7,Q3,YTG
Mar-20,Mar-20,2020,7,Q3,YTG
Mar-20,Mar-20,2020,7,Q3,YTG
Mar-20,Mar-20,2020,7,Q3,YTG
Mar-20,Mar-20,2020,7,Q3,YTG
Mar-20,Mar-20,2020,7,Q3,YTG
Mar-20,Mar-20,2020,7,Q3,YTG
Mar-20,Mar-20,2020,7,Q3,YTG
Mar-20,Mar-20,2020,7,Q3,YTG
Mar-20,Mar-20,2020,7,Q3,YTG
Mar-20,Mar-20,2020,7,Q3,YTG
Mar-20,Mar-20,2020,7,Q3,YTG
Mar-20,Mar-20,2020,7,Q3,YTG
Mar-20,Mar-20,2020,7,Q3,YTG
Mar-20,Mar-20,2020,7,Q3,YTG
Mar-20,Mar-20,2020,7,Q3,YTG
Mar-20,Mar-20,2020,7,Q3,YTG
Mar-20,Mar-20,2020,7,Q3,YTG
Apr-20,Apr-20,2020,8,Q3,YTG
Apr-20,Apr-20,2020,8,Q3,YTG
Apr-20,Apr-20,2020,8,Q3,YTG
Apr-20,Apr-20,2020,8,Q3,YTG
Apr-20,Apr-20,2020,8,Q3,YTG
Apr-20,Apr-20,2020,8,Q3,YTG
Apr-20,Apr-20,2020,8,Q3,YTG
Apr-20,Apr-20,2020,8,Q3,YTG
Apr-20,Apr-20,2020,8,Q3,YTG
Apr-20,Apr-20,2020,8,Q3,YTG
Apr-20,Apr-20,2020,8,Q3,YTG
Apr-20,Apr-20,2020,8,Q3,YTG
Apr-20,Apr-20,2020,8,Q3,YTG
Apr-20,Apr-20,2020,8,Q3,YTG
Apr-20,Apr-20,2020,8,Q3,YTG
Apr-20,Apr-20,2020,8,Q3,YTG
Apr-20,Apr-20,2020,8,Q3,YTG
Apr-20,Apr-20,2020,8,Q3,YTG
Apr-20,Apr-20,2020,8,Q3,YTG
Apr-20,Apr-20,2020,8,Q3,YTG
Apr-20,Apr-20,2020,8,Q3,YTG
Apr-20,Apr-20,2020,8,Q3,YTG
Apr-20,Apr-20,2020,8,Q3,YTG
Apr-20,Apr-20,2020,8,Q3,YTG
Apr-20,Apr-20,2020,8,Q3,YTG
Apr-20,Apr-20,2020,8,Q3,YTG
Apr-20,Apr-20,2020,8,Q3,YTG
Apr-20,Apr-20,2020,8,Q3,YTG
Apr-20,Apr-20,2020,8,Q3,YTG
Apr-20,Apr-20,2020,8,Q3,YTG
May-20,May-20,2020,9,Q3,YTG
May-20,May-20,2020,9,Q3,YTG
May-20,May-20,2020,9,Q3,YTG
May-20,May-20,2020,9,Q3,YTG
May-20,May-20,2020,9,Q3,YTG
May-20,May-20,2020,9,Q3,YTG
May-20,May-20,2020,9,Q3,YTG
May-20,May-20,2020,9,Q3,YTG
May-20,May-20,2020,9,Q3,YTG
May-20,May-20,2020,9,Q3,YTG
May-20,May-20,2020,9,Q3,YTG
May-20,May-20,2020,9,Q3,YTG
May-20,May-20,2020,9,Q3,YTG
May-20,May-20,2020,9,Q3,YTG
May-20,May-20,2020,9,Q3,YTG
May-20,May-20,2020,9,Q3,YTG
May-20,May-20,2020,9,Q3,YTG
May-20,May-20,2020,9,Q3,YTG
May-20,May-20,2020,9,Q3,YTG
May-20,May-20,2020,9,Q3,YTG
May-20,May-20,2020,9,Q3,YTG
May-20,May-20,2020,9,Q3,YTG
May-20,May-20,2020,9,Q3,YTG
May-20,May-20,2020,9,Q3,YTG
May-20,May-20,2020,9,Q3,YTG
May-20,May-20,2020,9,Q3,YTG
May-20,May-20,2020,9,Q3,YTG
May-20,May-20,2020,9,Q3,YTG
May-20,May-20,2020,9,Q3,YTG
May-20,May-20,2020,9,Q3,YTG
May-20,May-20,2020,9,Q3,YTG
Jun-20,Jun-20,2020,10,Q4,YTG
Jun-20,Jun-20,2020,10,Q4,YTG
Jun-20,Jun-20,2020,10,Q4,YTG
Jun-20,Jun-20,2020,10,Q4,YTG
Jun-20,Jun-20,2020,10,Q4,YTG
Jun-20,Jun-20,2020,10,Q4,YTG
Jun-20,Jun-20,2020,10,Q4,YTG
Jun-20,Jun-20,2020,10,Q4,YTG
Jun-20,Jun-20,2020,10,Q4,YTG
Jun-20,Jun-20,2020,10,Q4,YTG
Jun-20,Jun-20,2020,10,Q4,YTG
Jun-20,Jun-20,2020,10,Q4,YTG
Jun-20,Jun-20,2020,10,Q4,YTG
Jun-20,Jun-20,2020,10,Q4,YTG
Jun-20,Jun-20,2020,10,Q4,YTG
Jun-20,Jun-20,2020,10,Q4,YTG
Jun-20,Jun-20,2020,10,Q4,YTG
Jun-20,Jun-20,2020,10,Q4,YTG
Jun-20,Jun-20,2020,10,Q4,YTG
Jun-20,Jun-20,2020,10,Q4,YTG
Jun-20,Jun-20,2020,10,Q4,YTG
Jun-20,Jun-20,2020,10,Q4,YTG
Jun-20,Jun-20,2020,10,Q4,YTG
Jun-20,Jun-20,2020,10,Q4,YTG
Jun-20,Jun-20,2020,10,Q4,YTG
Jun-20,Jun-20,2020,10,Q4,YTG
Jun-20,Jun-20,2020,10,Q4,YTG
Jun-20,Jun-20,2020,10,Q4,YTG
Jun-20,Jun-20,2020,10,Q4,YTG
Jun-20,Jun-20,2020,10,Q4,YTG
Jul-20,Jul-20,2020,11,Q4,YTG
Jul-20,Jul-20,2020,11,Q4,YTG
Jul-20,Jul-20,2020,11,Q4,YTG
Jul-20,Jul-20,2020,11,Q4,YTG
Jul-20,Jul-20,2020,11,Q4,YTG
Jul-20,Jul-20,2020,11,Q4,YTG
Jul-20,Jul-20,2020,11,Q4,YTG
Jul-20,Jul-20,2020,11,Q4,YTG
Jul-20,Jul-20,2020,11,Q4,YTG
Jul-20,Jul-20,2020,11,Q4,YTG
Jul-20,Jul-20,2020,11,Q4,YTG
Jul-20,Jul-20,2020,11,Q4,YTG
Jul-20,Jul-20,2020,11,Q4,YTG
Jul-20,Jul-20,2020,11,Q4,YTG
Jul-20,Jul-20,2020,11,Q4,YTG
Jul-20,Jul-20,2020,11,Q4,YTG
Jul-20,Jul-20,2020,11,Q4,YTG
Jul-20,Jul-20,2020,11,Q4,YTG
Jul-20,Jul-20,2020,11,Q4,YTG
Jul-20,Jul-20,2020,11,Q4,YTG
Jul-20,Jul-20,2020,11,Q4,YTG
Jul-20,Jul-20,2020,11,Q4,YTG
Jul-20,Jul-20,2020,11,Q4,YTG
Jul-20,Jul-20,2020,11,Q4,YTG
Jul-20,Jul-20,2020,11,Q4,YTG
Jul-20,Jul-20,2020,11,Q4,YTG
Jul-20,Jul-20,2020,11,Q4,YTG
Jul-20,Jul-20,2020,11,Q4,YTG
Jul-20,Jul-20,2020,11,Q4,YTG
Jul-20,Jul-20,2020,11,Q4,YTG
Jul-20,Jul-20,2020,11,Q4,YTG
Aug-20,Aug-20,2020,12,Q4,YTG
Aug-20,Aug-20,2020,12,Q4,YTG
Aug-20,Aug-20,2020,12,Q4,YTG
Aug-20,Aug-20,2020,12,Q4,YTG
Aug-20,Aug-20,2020,12,Q4,YTG
Aug-20,Aug-20,2020,12,Q4,YTG
Aug-20,Aug-20,2020,12,Q4,YTG
Aug-20,Aug-20,2020,12,Q4,YTG
Aug-20,Aug-20,2020,12,Q4,YTG
Aug-20,Aug-20,2020,12,Q4,YTG
Aug-20,Aug-20,2020,12,Q4,YTG
Aug-20,Aug-20,2020,12,Q4,YTG
Aug-20,Aug-20,2020,12,Q4,YTG
Aug-20,Aug-20,2020,12,Q4,YTG
Aug-20,Aug-20,2020,12,Q4,YTG
Aug-20,Aug-20,2020,12,Q4,YTG
Aug-20,Aug-20,2020,12,Q4,YTG
Aug-20,Aug-20,2020,12,Q4,YTG
Aug-20,Aug-20,2020,12,Q4,YTG
Aug-20,Aug-20,2020,12,Q4,YTG
Aug-20,Aug-20,2020,12,Q4,YTG
Aug-20,Aug-20,2020,12,Q4,YTG
Aug-20,Aug-20,2020,12,Q4,YTG
Aug-20,Aug-20,2020,12,Q4,YTG
Aug-20,Aug-20,2020,12,Q4,YTG
Aug-20,Aug-20,2020,12,Q4,YTG
Aug-20,Aug-20,2020,12,Q4,YTG
Aug-20,Aug-20,2020,12,Q4,YTG
Aug-20,Aug-20,2020,12,Q4,YTG
Aug-20,Aug-20,2020,12,Q4,YTG
Aug-20,Aug-20,2020,12,Q4,YTG
Sep-17,Sep-17,2018,1,Q1,YTD
Sep-17,Sep-17,2018,1,Q1,YTD
Sep-17,Sep-17,2018,1,Q1,YTD
Sep-17,Sep-17,2018,1,Q1,YTD
Sep-17,Sep-17,2018,1,Q1,YTD
Sep-17,Sep-17,2018,1,Q1,YTD
Sep-17,Sep-17,2018,1,Q1,YTD
Sep-17,Sep-17,2018,1,Q1,YTD
Sep-17,Sep-17,2018,1,Q1,YTD
Sep-17,Sep-17,2018,1,Q1,YTD
Sep-17,Sep-17,2018,1,Q1,YTD
Sep-17,Sep-17,2018,1,Q1,YTD
Sep-17,Sep-17,2018,1,Q1,YTD
Sep-17,Sep-17,2018,1,Q1,YTD
Sep-17,Sep-17,2018,1,Q1,YTD
Sep-17,Sep-17,2018,1,Q1,YTD
Sep-17,Sep-17,2018,1,Q1,YTD
Sep-17,Sep-17,2018,1,Q1,YTD
Sep-17,Sep-17,2018,1,Q1,YTD
Sep-17,Sep-17,2018,1,Q1,YTD
Sep-17,Sep-17,2018,1,Q1,YTD
Sep-17,Sep-17,2018,1,Q1,YTD
Sep-17,Sep-17,2018,1,Q1,YTD
Sep-17,Sep-17,2018,1,Q1,YTD
Sep-17,Sep-17,2018,1,Q1,YTD
Sep-17,Sep-17,2018,1,Q1,YTD
Sep-17,Sep-17,2018,1,Q1,YTD
Sep-17,Sep-17,2018,1,Q1,YTD
Sep-17,Sep-17,2018,1,Q1,YTD
Sep-17,Sep-17,2018,1,Q1,YTD
Oct-17,Oct-17,2018,2,Q1,YTD
Oct-17,Oct-17,2018,2,Q1,YTD
Oct-17,Oct-17,2018,2,Q1,YTD
Oct-17,Oct-17,2018,2,Q1,YTD
Oct-17,Oct-17,2018,2,Q1,YTD
Oct-17,Oct-17,2018,2,Q1,YTD
Oct-17,Oct-17,2018,2,Q1,YTD
Oct-17,Oct-17,2018,2,Q1,YTD
Oct-17,Oct-17,2018,2,Q1,YTD
Oct-17,Oct-17,2018,2,Q1,YTD
Oct-17,Oct-17,2018,2,Q1,YTD
Oct-17,Oct-17,2018,2,Q1,YTD
Oct-17,Oct-17,2018,2,Q1,YTD
Oct-17,Oct-17,2018,2,Q1,YTD
Oct-17,Oct-17,2018,2,Q1,YTD
Oct-17,Oct-17,2018,2,Q1,YTD
Oct-17,Oct-17,2018,2,Q1,YTD
Oct-17,Oct-17,2018,2,Q1,YTD
Oct-17,Oct-17,2018,2,Q1,YTD
Oct-17,Oct-17,2018,2,Q1,YTD
Oct-17,Oct-17,2018,2,Q1,YTD
Oct-17,Oct-17,2018,2,Q1,YTD
Oct-17,Oct-17,2018,2,Q1,YTD
Oct-17,Oct-17,2018,2,Q1,YTD
Oct-17,Oct-17,2018,2,Q1,YTD
Oct-17,Oct-17,2018,2,Q1,YTD
Oct-17,Oct-17,2018,2,Q1,YTD
Oct-17,Oct-17,2018,2,Q1,YTD
Oct-17,Oct-17,2018,2,Q1,YTD
Oct-17,Oct-17,2018,2,Q1,YTD
Oct-17,Oct-17,2018,2,Q1,YTD
Nov-17,Nov-17,2018,3,Q1,YTD
Nov-17,Nov-17,2018,3,Q1,YTD
Nov-17,Nov-17,2018,3,Q1,YTD
Nov-17,Nov-17,2018,3,Q1,YTD
Nov-17,Nov-17,2018,3,Q1,YTD
Nov-17,Nov-17,2018,3,Q1,YTD
Nov-17,Nov-17,2018,3,Q1,YTD
Nov-17,Nov-17,2018,3,Q1,YTD
Nov-17,Nov-17,2018,3,Q1,YTD
Nov-17,Nov-17,2018,3,Q1,YTD
Nov-17,Nov-17,2018,3,Q1,YTD
Nov-17,Nov-17,2018,3,Q1,YTD
Nov-17,Nov-17,2018,3,Q1,YTD
Nov-17,Nov-17,2018,3,Q1,YTD
Nov-17,Nov-17,2018,3,Q1,YTD
Nov-17,Nov-17,2018,3,Q1,YTD
Nov-17,Nov-17,2018,3,Q1,YTD
Nov-17,Nov-17,2018,3,Q1,YTD
Nov-17,Nov-17,2018,3,Q1,YTD
Nov-17,Nov-17,2018,3,Q1,YTD
Nov-17,Nov-17,2018,3,Q1,YTD
Nov-17,Nov-17,2018,3,Q1,YTD
Nov-17,Nov-17,2018,3,Q1,YTD
Nov-17,Nov-17,2018,3,Q1,YTD
Nov-17,Nov-17,2018,3,Q1,YTD
Nov-17,Nov-17,2018,3,Q1,YTD
Nov-17,Nov-17,2018,3,Q1,YTD
Nov-17,Nov-17,2018,3,Q1,YTD
Nov-17,Nov-17,2018,3,Q1,YTD
Nov-17,Nov-17,2018,3,Q1,YTD
Dec-17,Dec-17,2018,4,Q2,YTD
Dec-17,Dec-17,2018,4,Q2,YTD
Dec-17,Dec-17,2018,4,Q2,YTD
Dec-17,Dec-17,2018,4,Q2,YTD
Dec-17,Dec-17,2018,4,Q2,YTD
Dec-17,Dec-17,2018,4,Q2,YTD
Dec-17,Dec-17,2018,4,Q2,YTD
Dec-17,Dec-17,2018,4,Q2,YTD
Dec-17,Dec-17,2018,4,Q2,YTD
Dec-17,Dec-17,2018,4,Q2,YTD
Dec-17,Dec-17,2018,4,Q2,YTD
Dec-17,Dec-17,2018,4,Q2,YTD
Dec-17,Dec-17,2018,4,Q2,YTD
Dec-17,Dec-17,2018,4,Q2,YTD
Dec-17,Dec-17,2018,4,Q2,YTD
Dec-17,Dec-17,2018,4,Q2,YTD
Dec-17,Dec-17,2018,4,Q2,YTD
Dec-17,Dec-17,2018,4,Q2,YTD
Dec-17,Dec-17,2018,4,Q2,YTD
Dec-17,Dec-17,2018,4,Q2,YTD
Dec-17,Dec-17,2018,4,Q2,YTD
Dec-17,Dec-17,2018,4,Q2,YTD
Dec-17,Dec-17,2018,4,Q2,YTD
Dec-17,Dec-17,2018,4,Q2,YTD
Dec-17,Dec-17,2018,4,Q2,YTD
Dec-17,Dec-17,2018,4,Q2,YTD
Dec-17,Dec-17,2018,4,Q2,YTD
Dec-17,Dec-17,2018,4,Q2,YTD
Dec-17,Dec-17,2018,4,Q2,YTD
Dec-17,Dec-17,2018,4,Q2,YTD
Dec-17,Dec-17,2018,4,Q2,YTD
Jan-18,Jan-18,2018,5,Q2,YTG
Jan-18,Jan-18,2018,5,Q2,YTG
Jan-18,Jan-18,2018,5,Q2,YTG
Jan-18,Jan-18,2018,5,Q2,YTG
Jan-18,Jan-18,2018,5,Q2,YTG
Jan-18,Jan-18,2018,5,Q2,YTG
Jan-18,Jan-18,2018,5,Q2,YTG
Jan-18,Jan-18,2018,5,Q2,YTG
Jan-18,Jan-18,2018,5,Q2,YTG
Jan-18,Jan-18,2018,5,Q2,YTG
Jan-18,Jan-18,2018,5,Q2,YTG
Jan-18,Jan-18,2018,5,Q2,YTG
Jan-18,Jan-18,2018,5,Q2,YTG
Jan-18,Jan-18,2018,5,Q2,YTG
Jan-18,Jan-18,2018,5,Q2,YTG
Jan-18,Jan-18,2018,5,Q2,YTG
Jan-18,Jan-18,2018,5,Q2,YTG
Jan-18,Jan-18,2018,5,Q2,YTG
Jan-18,Jan-18,2018,5,Q2,YTG
Jan-18,Jan-18,2018,5,Q2,YTG
Jan-18,Jan-18,2018,5,Q2,YTG
Jan-18,Jan-18,2018,5,Q2,YTG
Jan-18,Jan-18,2018,5,Q2,YTG
Jan-18,Jan-18,2018,5,Q2,YTG
Jan-18,Jan-18,2018,5,Q2,YTG
Jan-18,Jan-18,2018,5,Q2,YTG
Jan-18,Jan-18,2018,5,Q2,YTG
Jan-18,Jan-18,2018,5,Q2,YTG
Jan-18,Jan-18,2018,5,Q2,YTG
Jan-18,Jan-18,2018,5,Q2,YTG
Jan-18,Jan-18,2018,5,Q2,YTG
Feb-18,Feb-18,2018,6,Q2,YTG
Feb-18,Feb-18,2018,6,Q2,YTG
Feb-18,Feb-18,2018,6,Q2,YTG
Feb-18,Feb-18,2018,6,Q2,YTG
Feb-18,Feb-18,2018,6,Q2,YTG
Feb-18,Feb-18,2018,6,Q2,YTG
Feb-18,Feb-18,2018,6,Q2,YTG
Feb-18,Feb-18,2018,6,Q2,YTG
Feb-18,Feb-18,2018,6,Q2,YTG
Feb-18,Feb-18,2018,6,Q2,YTG
Feb-18,Feb-18,2018,6,Q2,YTG
Feb-18,Feb-18,2018,6,Q2,YTG
Feb-18,Feb-18,2018,6,Q2,YTG
Feb-18,Feb-18,2018,6,Q2,YTG
Feb-18,Feb-18,2018,6,Q2,YTG
Feb-18,Feb-18,2018,6,Q2,YTG
Feb-18,Feb-18,2018,6,Q2,YTG
Feb-18,Feb-18,2018,6,Q2,YTG
Feb-18,Feb-18,2018,6,Q2,YTG
Feb-18,Feb-18,2018,6,Q2,YTG
Feb-18,Feb-18,2018,6,Q2,YTG
Feb-18,Feb-18,2018,6,Q2,YTG
Feb-18,Feb-18,2018,6,Q2,YTG
Feb-18,Feb-18,2018,6,Q2,YTG
Feb-18,Feb-18,2018,6,Q2,YTG
Feb-18,Feb-18,2018,6,Q2,YTG
Feb-18,Feb-18,2018,6,Q2,YTG
Feb-18,Feb-18,2018,6,Q2,YTG
Mar-18,Mar-18,2018,7,Q3,YTG
Mar-18,Mar-18,2018,7,Q3,YTG
Mar-18,Mar-18,2018,7,Q3,YTG
Mar-18,Mar-18,2018,7,Q3,YTG
Mar-18,Mar-18,2018,7,Q3,YTG
Mar-18,Mar-18,2018,7,Q3,YTG
Mar-18,Mar-18,2018,7,Q3,YTG
Mar-18,Mar-18,2018,7,Q3,YTG
Mar-18,Mar-18,2018,7,Q3,YTG
Mar-18,Mar-18,2018,7,Q3,YTG
Mar-18,Mar-18,2018,7,Q3,YTG
Mar-18,Mar-18,2018,7,Q3,YTG
Mar-18,Mar-18,2018,7,Q3,YTG
Mar-18,Mar-18,2018,7,Q3,YTG
Mar-18,Mar-18,2018,7,Q3,YTG
Mar-18,Mar-18,2018,7,Q3,YTG
Mar-18,Mar-18,2018,7,Q3,YTG
Mar-18,Mar-18,2018,7,Q3,YTG
Mar-18,Mar-18,2018,7,Q3,YTG
Mar-18,Mar-18,2018,7,Q3,YTG
Mar-18,Mar-18,2018,7,Q3,YTG
Mar-18,Mar-18,2018,7,Q3,YTG
Mar-18,Mar-18,2018,7,Q3,YTG
Mar-18,Mar-18,2018,7,Q3,YTG
Mar-18,Mar-18,2018,7,Q3,YTG
Mar-18,Mar-18,2018,7,Q3,YTG
Mar-18,Mar-18,2018,7,Q3,YTG
Mar-18,Mar-18,2018,7,Q3,YTG
Mar-18,Mar-18,2018,7,Q3,YTG
Mar-18,Mar-18,2018,7,Q3,YTG
Mar-18,Mar-18,2018,7,Q3,YTG
Apr-18,Apr-18,2018,8,Q3,YTG
Apr-18,Apr-18,2018,8,Q3,YTG
Apr-18,Apr-18,2018,8,Q3,YTG
Apr-18,Apr-18,2018,8,Q3,YTG
Apr-18,Apr-18,2018,8,Q3,YTG
Apr-18,Apr-18,2018,8,Q3,YTG
Apr-18,Apr-18,2018,8,Q3,YTG
Apr-18,Apr-18,2018,8,Q3,YTG
Apr-18,Apr-18,2018,8,Q3,YTG
Apr-18,Apr-18,2018,8,Q3,YTG
Apr-18,Apr-18,2018,8,Q3,YTG
Apr-18,Apr-18,2018,8,Q3,YTG
Apr-18,Apr-18,2018,8,Q3,YTG
Apr-18,Apr-18,2018,8,Q3,YTG
Apr-18,Apr-18,2018,8,Q3,YTG
Apr-18,Apr-18,2018,8,Q3,YTG
Apr-18,Apr-18,2018,8,Q3,YTG
Apr-18,Apr-18,2018,8,Q3,YTG
Apr-18,Apr-18,2018,8,Q3,YTG
Apr-18,Apr-18,2018,8,Q3,YTG
Apr-18,Apr-18,2018,8,Q3,YTG
Apr-18,Apr-18,2018,8,Q3,YTG
Apr-18,Apr-18,2018,8,Q3,YTG
Apr-18,Apr-18,2018,8,Q3,YTG
Apr-18,Apr-18,2018,8,Q3,YTG
Apr-18,Apr-18,2018,8,Q3,YTG
Apr-18,Apr-18,2018,8,Q3,YTG
Apr-18,Apr-18,2018,8,Q3,YTG
Apr-18,Apr-18,2018,8,Q3,YTG
Apr-18,Apr-18,2018,8,Q3,YTG
May-18,May-18,2018,9,Q3,YTG
May-18,May-18,2018,9,Q3,YTG
May-18,May-18,2018,9,Q3,YTG
May-18,May-18,2018,9,Q3,YTG
May-18,May-18,2018,9,Q3,YTG
May-18,May-18,2018,9,Q3,YTG
May-18,May-18,2018,9,Q3,YTG
May-18,May-18,2018,9,Q3,YTG
May-18,May-18,2018,9,Q3,YTG
May-18,May-18,2018,9,Q3,YTG
May-18,May-18,2018,9,Q3,YTG
May-18,May-18,2018,9,Q3,YTG
May-18,May-18,2018,9,Q3,YTG
May-18,May-18,2018,9,Q3,YTG
May-18,May-18,2018,9,Q3,YTG
May-18,May-18,2018,9,Q3,YTG
May-18,May-18,2018,9,Q3,YTG
May-18,May-18,2018,9,Q3,YTG
May-18,May-18,2018,9,Q3,YTG
May-18,May-18,2018,9,Q3,YTG
May-18,May-18,2018,9,Q3,YTG
May-18,May-18,2018,9,Q3,YTG
May-18,May-18,2018,9,Q3,YTG
May-18,May-18,2018,9,Q3,YTG
May-18,May-18,2018,9,Q3,YTG
May-18,May-18,2018,9,Q3,YTG
May-18,May-18,2018,9,Q3,YTG
May-18,May-18,2018,9,Q3,YTG
May-18,May-18,2018,9,Q3,YTG
May-18,May-18,2018,9,Q3,YTG
May-18,May-18,2018,9,Q3,YTG
Jun-18,Jun-18,2018,10,Q4,YTG
Jun-18,Jun-18,2018,10,Q4,YTG
Jun-18,Jun-18,2018,10,Q4,YTG
Jun-18,Jun-18,2018,10,Q4,YTG
Jun-18,Jun-18,2018,10,Q4,YTG
Jun-18,Jun-18,2018,10,Q4,YTG
Jun-18,Jun-18,2018,10,Q4,YTG
Jun-18,Jun-18,2018,10,Q4,YTG
Jun-18,Jun-18,2018,10,Q4,YTG
Jun-18,Jun-18,2018,10,Q4,YTG
Jun-18,Jun-18,2018,10,Q4,YTG
Jun-18,Jun-18,2018,10,Q4,YTG
Jun-18,Jun-18,2018,10,Q4,YTG
Jun-18,Jun-18,2018,10,Q4,YTG
Jun-18,Jun-18,2018,10,Q4,YTG
Jun-18,Jun-18,2018,10,Q4,YTG
Jun-18,Jun-18,2018,10,Q4,YTG
Jun-18,Jun-18,2018,10,Q4,YTG
Jun-18,Jun-18,2018,10,Q4,YTG
Jun-18,Jun-18,2018,10,Q4,YTG
Jun-18,Jun-18,2018,10,Q4,YTG
Jun-18,Jun-18,2018,10,Q4,YTG
Jun-18,Jun-18,2018,10,Q4,YTG
Jun-18,Jun-18,2018,10,Q4,YTG
Jun-18,Jun-18,2018,10,Q4,YTG
Jun-18,Jun-18,2018,10,Q4,YTG
Jun-18,Jun-18,2018,10,Q4,YTG
Jun-18,Jun-18,2018,10,Q4,YTG
Jun-18,Jun-18,2018,10,Q4,YTG
Jun-18,Jun-18,2018,10,Q4,YTG
Jul-18,Jul-18,2018,11,Q4,YTG
Jul-18,Jul-18,2018,11,Q4,YTG
Jul-18,Jul-18,2018,11,Q4,YTG
Jul-18,Jul-18,2018,11,Q4,YTG
Jul-18,Jul-18,2018,11,Q4,YTG
Jul-18,Jul-18,2018,11,Q4,YTG
Jul-18,Jul-18,2018,11,Q4,YTG
Jul-18,Jul-18,2018,11,Q4,YTG
Jul-18,Jul-18,2018,11,Q4,YTG
Jul-18,Jul-18,2018,11,Q4,YTG
Jul-18,Jul-18,2018,11,Q4,YTG
Jul-18,Jul-18,2018,11,Q4,YTG
Jul-18,Jul-18,2018,11,Q4,YTG
Jul-18,Jul-18,2018,11,Q4,YTG
Jul-18,Jul-18,2018,11,Q4,YTG
Jul-18,Jul-18,2018,11,Q4,YTG
Jul-18,Jul-18,2018,11,Q4,YTG
Jul-18,Jul-18,2018,11,Q4,YTG
Jul-18,Jul-18,2018,11,Q4,YTG
Jul-18,Jul-18,2018,11,Q4,YTG
Jul-18,Jul-18,2018,11,Q4,YTG
Jul-18,Jul-18,2018,11,Q4,YTG
Jul-18,Jul-18,2018,11,Q4,YTG
Jul-18,Jul-18,2018,11,Q4,YTG
Jul-18,Jul-18,2018,11,Q4,YTG
Jul-18,Jul-18,2018,11,Q4,YTG
Jul-18,Jul-18,2018,11,Q4,YTG
Jul-18,Jul-18,2018,11,Q4,YTG
Jul-18,Jul-18,2018,11,Q4,YTG
Jul-18,Jul-18,2018,11,Q4,YTG
Jul-18,Jul-18,2018,11,Q4,YTG
Aug-18,Aug-18,2018,12,Q4,YTG
Aug-18,Aug-18,2018,12,Q4,YTG
Aug-18,Aug-18,2018,12,Q4,YTG
Aug-18,Aug-18,2018,12,Q4,YTG
Aug-18,Aug-18,2018,12,Q4,YTG
Aug-18,Aug-18,2018,12,Q4,YTG
Aug-18,Aug-18,2018,12,Q4,YTG
Aug-18,Aug-18,2018,12,Q4,YTG
Aug-18,Aug-18,2018,12,Q4,YTG
Aug-18,Aug-18,2018,12,Q4,YTG
Aug-18,Aug-18,2018,12,Q4,YTG
Aug-18,Aug-18,2018,12,Q4,YTG
Aug-18,Aug-18,2018,12,Q4,YTG
Aug-18,Aug-18,2018,12,Q4,YTG
Aug-18,Aug-18,2018,12,Q4,YTG
Aug-18,Aug-18,2018,12,Q4,YTG
Aug-18,Aug-18,2018,12,Q4,YTG
Aug-18,Aug-18,2018,12,Q4,YTG
Aug-18,Aug-18,2018,12,Q4,YTG
Aug-18,Aug-18,2018,12,Q4,YTG
Aug-18,Aug-18,2018,12,Q4,YTG
Aug-18,Aug-18,2018,12,Q4,YTG
Aug-18,Aug-18,2018,12,Q4,YTG
Aug-18,Aug-18,2018,12,Q4,YTG
Aug-18,Aug-18,2018,12,Q4,YTG
Aug-18,Aug-18,2018,12,Q4,YTG
Aug-18,Aug-18,2018,12,Q4,YTG
Aug-18,Aug-18,2018,12,Q4,YTG
Aug-18,Aug-18,2018,12,Q4,YTG
Aug-18,Aug-18,2018,12,Q4,YTG
Aug-18,Aug-18,2018,12,Q4,YTG
Sep-18,Sep-18,2019,1,Q1,YTD
Sep-18,Sep-18,2019,1,Q1,YTD
Sep-18,Sep-18,2019,1,Q1,YTD
Sep-18,Sep-18,2019,1,Q1,YTD
Sep-18,Sep-18,2019,1,Q1,YTD
Sep-18,Sep-18,2019,1,Q1,YTD
Sep-18,Sep-18,2019,1,Q1,YTD
Sep-18,Sep-18,2019,1,Q1,YTD
Sep-18,Sep-18,2019,1,Q1,YTD
Sep-18,Sep-18,2019,1,Q1,YTD
Sep-18,Sep-18,2019,1,Q1,YTD
Sep-18,Sep-18,2019,1,Q1,YTD
Sep-18,Sep-18,2019,1,Q1,YTD
Sep-18,Sep-18,2019,1,Q1,YTD
Sep-18,Sep-18,2019,1,Q1,YTD
Sep-18,Sep-18,2019,1,Q1,YTD
Sep-18,Sep-18,2019,1,Q1,YTD
Sep-18,Sep-18,2019,1,Q1,YTD
Sep-18,Sep-18,2019,1,Q1,YTD
Sep-18,Sep-18,2019,1,Q1,YTD
Sep-18,Sep-18,2019,1,Q1,YTD
Sep-18,Sep-18,2019,1,Q1,YTD
Sep-18,Sep-18,2019,1,Q1,YTD
Sep-18,Sep-18,2019,1,Q1,YTD
Sep-18,Sep-18,2019,1,Q1,YTD
Sep-18,Sep-18,2019,1,Q1,YTD
Sep-18,Sep-18,2019,1,Q1,YTD
Sep-18,Sep-18,2019,1,Q1,YTD
Sep-18,Sep-18,2019,1,Q1,YTD
Sep-18,Sep-18,2019,1,Q1,YTD
Oct-18,Oct-18,2019,2,Q1,YTD
Oct-18,Oct-18,2019,2,Q1,YTD
Oct-18,Oct-18,2019,2,Q1,YTD
Oct-18,Oct-18,2019,2,Q1,YTD
Oct-18,Oct-18,2019,2,Q1,YTD
Oct-18,Oct-18,2019,2,Q1,YTD
Oct-18,Oct-18,2019,2,Q1,YTD
Oct-18,Oct-18,2019,2,Q1,YTD
Oct-18,Oct-18,2019,2,Q1,YTD
Oct-18,Oct-18,2019,2,Q1,YTD
Oct-18,Oct-18,2019,2,Q1,YTD
Oct-18,Oct-18,2019,2,Q1,YTD
Oct-18,Oct-18,2019,2,Q1,YTD
Oct-18,Oct-18,2019,2,Q1,YTD
Oct-18,Oct-18,2019,2,Q1,YTD
Oct-18,Oct-18,2019,2,Q1,YTD
Oct-18,Oct-18,2019,2,Q1,YTD
Oct-18,Oct-18,2019,2,Q1,YTD
Oct-18,Oct-18,2019,2,Q1,YTD
Oct-18,Oct-18,2019,2,Q1,YTD
Oct-18,Oct-18,2019,2,Q1,YTD
Oct-18,Oct-18,2019,2,Q1,YTD
Oct-18,Oct-18,2019,2,Q1,YTD
Oct-18,Oct-18,2019,2,Q1,YTD
Oct-18,Oct-18,2019,2,Q1,YTD
Oct-18,Oct-18,2019,2,Q1,YTD
Oct-18,Oct-18,2019,2,Q1,YTD
Oct-18,Oct-18,2019,2,Q1,YTD
Oct-18,Oct-18,2019,2,Q1,YTD
Oct-18,Oct-18,2019,2,Q1,YTD
Oct-18,Oct-18,2019,2,Q1,YTD
Nov-18,Nov-18,2019,3,Q1,YTD
Nov-18,Nov-18,2019,3,Q1,YTD
Nov-18,Nov-18,2019,3,Q1,YTD
Nov-18,Nov-18,2019,3,Q1,YTD
Nov-18,Nov-18,2019,3,Q1,YTD
Nov-18,Nov-18,2019,3,Q1,YTD
Nov-18,Nov-18,2019,3,Q1,YTD
Nov-18,Nov-18,2019,3,Q1,YTD
Nov-18,Nov-18,2019,3,Q1,YTD
Nov-18,Nov-18,2019,3,Q1,YTD
Nov-18,Nov-18,2019,3,Q1,YTD
Nov-18,Nov-18,2019,3,Q1,YTD
Nov-18,Nov-18,2019,3,Q1,YTD
Nov-18,Nov-18,2019,3,Q1,YTD
Nov-18,Nov-18,2019,3,Q1,YTD
Nov-18,Nov-18,2019,3,Q1,YTD
Nov-18,Nov-18,2019,3,Q1,YTD
Nov-18,Nov-18,2019,3,Q1,YTD
Nov-18,Nov-18,2019,3,Q1,YTD
Nov-18,Nov-18,2019,3,Q1,YTD
Nov-18,Nov-18,2019,3,Q1,YTD
Nov-18,Nov-18,2019,3,Q1,YTD
Nov-18,Nov-18,2019,3,Q1,YTD
Nov-18,Nov-18,2019,3,Q1,YTD
Nov-18,Nov-18,2019,3,Q1,YTD
Nov-18,Nov-18,2019,3,Q1,YTD
Nov-18,Nov-18,2019,3,Q1,YTD
Nov-18,Nov-18,2019,3,Q1,YTD
Nov-18,Nov-18,2019,3,Q1,YTD
Nov-18,Nov-18,2019,3,Q1,YTD
Dec-18,Dec-18,2019,4,Q2,YTD
Dec-18,Dec-18,2019,4,Q2,YTD
Dec-18,Dec-18,2019,4,Q2,YTD
Dec-18,Dec-18,2019,4,Q2,YTD
Dec-18,Dec-18,2019,4,Q2,YTD
Dec-18,Dec-18,2019,4,Q2,YTD
Dec-18,Dec-18,2019,4,Q2,YTD
Dec-18,Dec-18,2019,4,Q2,YTD
Dec-18,Dec-18,2019,4,Q2,YTD
Dec-18,Dec-18,2019,4,Q2,YTD
Dec-18,Dec-18,2019,4,Q2,YTD
Dec-18,Dec-18,2019,4,Q2,YTD
Dec-18,Dec-18,2019,4,Q2,YTD
Dec-18,Dec-18,2019,4,Q2,YTD
Dec-18,Dec-18,2019,4,Q2,YTD
Dec-18,Dec-18,2019,4,Q2,YTD
Dec-18,Dec-18,2019,4,Q2,YTD
Dec-18,Dec-18,2019,4,Q2,YTD
Dec-18,Dec-18,2019,4,Q2,YTD
Dec-18,Dec-18,2019,4,Q2,YTD
Dec-18,Dec-18,2019,4,Q2,YTD
Dec-18,Dec-18,2019,4,Q2,YTD
Dec-18,Dec-18,2019,4,Q2,YTD
Dec-18,Dec-18,2019,4,Q2,YTD
Dec-18,Dec-18,2019,4,Q2,YTD
Dec-18,Dec-18,2019,4,Q2,YTD
Dec-18,Dec-18,2019,4,Q2,YTD
Dec-18,Dec-18,2019,4,Q2,YTD
Dec-18,Dec-18,2019,4,Q2,YTD
Dec-18,Dec-18,2019,4,Q2,YTD
Dec-18,Dec-18,2019,4,Q2,YTD
Jan-19,Jan-19,2019,5,Q2,YTG
Jan-19,Jan-19,2019,5,Q2,YTG
Jan-19,Jan-19,2019,5,Q2,YTG
Jan-19,Jan-19,2019,5,Q2,YTG
Jan-19,Jan-19,2019,5,Q2,YTG
Jan-19,Jan-19,2019,5,Q2,YTG
Jan-19,Jan-19,2019,5,Q2,YTG
Jan-19,Jan-19,2019,5,Q2,YTG
Jan-19,Jan-19,2019,5,Q2,YTG
Jan-19,Jan-19,2019,5,Q2,YTG
Jan-19,Jan-19,2019,5,Q2,YTG
Jan-19,Jan-19,2019,5,Q2,YTG
Jan-19,Jan-19,2019,5,Q2,YTG
Jan-19,Jan-19,2019,5,Q2,YTG
Jan-19,Jan-19,2019,5,Q2,YTG
Jan-19,Jan-19,2019,5,Q2,YTG
Jan-19,Jan-19,2019,5,Q2,YTG
Jan-19,Jan-19,2019,5,Q2,YTG
Jan-19,Jan-19,2019,5,Q2,YTG
Jan-19,Jan-19,2019,5,Q2,YTG
Jan-19,Jan-19,2019,5,Q2,YTG
Jan-19,Jan-19,2019,5,Q2,YTG
Jan-19,Jan-19,2019,5,Q2,YTG
Jan-19,Jan-19,2019,5,Q2,YTG
Jan-19,Jan-19,2019,5,Q2,YTG
Jan-19,Jan-19,2019,5,Q2,YTG
Jan-19,Jan-19,2019,5,Q2,YTG
Jan-19,Jan-19,2019,5,Q2,YTG
Jan-19,Jan-19,2019,5,Q2,YTG
Jan-19,Jan-19,2019,5,Q2,YTG
Jan-19,Jan-19,2019,5,Q2,YTG
Feb-19,Feb-19,2019,6,Q2,YTG
Feb-19,Feb-19,2019,6,Q2,YTG
Feb-19,Feb-19,2019,6,Q2,YTG
Feb-19,Feb-19,2019,6,Q2,YTG
Feb-19,Feb-19,2019,6,Q2,YTG
Feb-19,Feb-19,2019,6,Q2,YTG
Feb-19,Feb-19,2019,6,Q2,YTG
Feb-19,Feb-19,2019,6,Q2,YTG
Feb-19,Feb-19,2019,6,Q2,YTG
Feb-19,Feb-19,2019,6,Q2,YTG
Feb-19,Feb-19,2019,6,Q2,YTG
Feb-19,Feb-19,2019,6,Q2,YTG
Feb-19,Feb-19,2019,6,Q2,YTG
Feb-19,Feb-19,2019,6,Q2,YTG
Feb-19,Feb-19,2019,6,Q2,YTG
Feb-19,Feb-19,2019,6,Q2,YTG
Feb-19,Feb-19,2019,6,Q2,YTG
Feb-19,Feb-19,2019,6,Q2,YTG
Feb-19,Feb-19,2019,6,Q2,YTG
Feb-19,Feb-19,2019,6,Q2,YTG
Feb-19,Feb-19,2019,6,Q2,YTG
Feb-19,Feb-19,2019,6,Q2,YTG
Feb-19,Feb-19,2019,6,Q2,YTG
Feb-19,Feb-19,2019,6,Q2,YTG
Feb-19,Feb-19,2019,6,Q2,YTG
Feb-19,Feb-19,2019,6,Q2,YTG
Feb-19,Feb-19,2019,6,Q2,YTG
Feb-19,Feb-19,2019,6,Q2,YTG
Mar-19,Mar-19,2019,7,Q3,YTG
Mar-19,Mar-19,2019,7,Q3,YTG
Mar-19,Mar-19,2019,7,Q3,YTG
Mar-19,Mar-19,2019,7,Q3,YTG
Mar-19,Mar-19,2019,7,Q3,YTG
Mar-19,Mar-19,2019,7,Q3,YTG
Mar-19,Mar-19,2019,7,Q3,YTG
Mar-19,Mar-19,2019,7,Q3,YTG
Mar-19,Mar-19,2019,7,Q3,YTG
Mar-19,Mar-19,2019,7,Q3,YTG
Mar-19,Mar-19,2019,7,Q3,YTG
Mar-19,Mar-19,2019,7,Q3,YTG
Mar-19,Mar-19,2019,7,Q3,YTG
Mar-19,Mar-19,2019,7,Q3,YTG
Mar-19,Mar-19,2019,7,Q3,YTG
Mar-19,Mar-19,2019,7,Q3,YTG
Mar-19,Mar-19,2019,7,Q3,YTG
Mar-19,Mar-19,2019,7,Q3,YTG
Mar-19,Mar-19,2019,7,Q3,YTG
Mar-19,Mar-19,2019,7,Q3,YTG
Mar-19,Mar-19,2019,7,Q3,YTG
Mar-19,Mar-19,2019,7,Q3,YTG
Mar-19,Mar-19,2019,7,Q3,YTG
Mar-19,Mar-19,2019,7,Q3,YTG
Mar-19,Mar-19,2019,7,Q3,YTG
Mar-19,Mar-19,2019,7,Q3,YTG
Mar-19,Mar-19,2019,7,Q3,YTG
Mar-19,Mar-19,2019,7,Q3,YTG
Mar-19,Mar-19,2019,7,Q3,YTG
Mar-19,Mar-19,2019,7,Q3,YTG
Mar-19,Mar-19,2019,7,Q3,YTG
Apr-19,Apr-19,2019,8,Q3,YTG
Apr-19,Apr-19,2019,8,Q3,YTG
Apr-19,Apr-19,2019,8,Q3,YTG
Apr-19,Apr-19,2019,8,Q3,YTG
Apr-19,Apr-19,2019,8,Q3,YTG
Apr-19,Apr-19,2019,8,Q3,YTG
Apr-19,Apr-19,2019,8,Q3,YTG
Apr-19,Apr-19,2019,8,Q3,YTG
Apr-19,Apr-19,2019,8,Q3,YTG
Apr-19,Apr-19,2019,8,Q3,YTG
Apr-19,Apr-19,2019,8,Q3,YTG
Apr-19,Apr-19,2019,8,Q3,YTG
Apr-19,Apr-19,2019,8,Q3,YTG
Apr-19,Apr-19,2019,8,Q3,YTG
Apr-19,Apr-19,2019,8,Q3,YTG
Apr-19,Apr-19,2019,8,Q3,YTG
Apr-19,Apr-19,2019,8,Q3,YTG
Apr-19,Apr-19,2019,8,Q3,YTG
Apr-19,Apr-19,2019,8,Q3,YTG
Apr-19,Apr-19,2019,8,Q3,YTG
Apr-19,Apr-19,2019,8,Q3,YTG
Apr-19,Apr-19,2019,8,Q3,YTG
Apr-19,Apr-19,2019,8,Q3,YTG
Apr-19,Apr-19,2019,8,Q3,YTG
Apr-19,Apr-19,2019,8,Q3,YTG
Apr-19,Apr-19,2019,8,Q3,YTG
Apr-19,Apr-19,2019,8,Q3,YTG
Apr-19,Apr-19,2019,8,Q3,YTG
Apr-19,Apr-19,2019,8,Q3,YTG
Apr-19,Apr-19,2019,8,Q3,YTG
May-19,May-19,2019,9,Q3,YTG
May-19,May-19,2019,9,Q3,YTG
May-19,May-19,2019,9,Q3,YTG
May-19,May-19,2019,9,Q3,YTG
May-19,May-19,2019,9,Q3,YTG
May-19,May-19,2019,9,Q3,YTG
May-19,May-19,2019,9,Q3,YTG
May-19,May-19,2019,9,Q3,YTG
May-19,May-19,2019,9,Q3,YTG
May-19,May-19,2019,9,Q3,YTG
May-19,May-19,2019,9,Q3,YTG
May-19,May-19,2019,9,Q3,YTG
May-19,May-19,2019,9,Q3,YTG
May-19,May-19,2019,9,Q3,YTG
May-19,May-19,2019,9,Q3,YTG
May-19,May-19,2019,9,Q3,YTG
May-19,May-19,2019,9,Q3,YTG
May-19,May-19,2019,9,Q3,YTG
May-19,May-19,2019,9,Q3,YTG
May-19,May-19,2019,9,Q3,YTG
May-19,May-19,2019,9,Q3,YTG
May-19,May-19,2019,9,Q3,YTG
May-19,May-19,2019,9,Q3,YTG
May-19,May-19,2019,9,Q3,YTG
May-19,May-19,2019,9,Q3,YTG
May-19,May-19,2019,9,Q3,YTG
May-19,May-19,2019,9,Q3,YTG
May-19,May-19,2019,9,Q3,YTG
May-19,May-19,2019,9,Q3,YTG
May-19,May-19,2019,9,Q3,YTG
May-19,May-19,2019,9,Q3,YTG
Jun-19,Jun-19,2019,10,Q4,YTG
Jun-19,Jun-19,2019,10,Q4,YTG
Jun-19,Jun-19,2019,10,Q4,YTG
Jun-19,Jun-19,2019,10,Q4,YTG
Jun-19,Jun-19,2019,10,Q4,YTG
Jun-19,Jun-19,2019,10,Q4,YTG
Jun-19,Jun-19,2019,10,Q4,YTG
Jun-19,Jun-19,2019,10,Q4,YTG
Jun-19,Jun-19,2019,10,Q4,YTG
Jun-19,Jun-19,2019,10,Q4,YTG
Jun-19,Jun-19,2019,10,Q4,YTG
Jun-19,Jun-19,2019,10,Q4,YTG
Jun-19,Jun-19,2019,10,Q4,YTG
Jun-19,Jun-19,2019,10,Q4,YTG
Jun-19,Jun-19,2019,10,Q4,YTG
Jun-19,Jun-19,2019,10,Q4,YTG
Jun-19,Jun-19,2019,10,Q4,YTG
Jun-19,Jun-19,2019,10,Q4,YTG
Jun-19,Jun-19,2019,10,Q4,YTG
Jun-19,Jun-19,2019,10,Q4,YTG
Jun-19,Jun-19,2019,10,Q4,YTG
Jun-19,Jun-19,2019,10,Q4,YTG
Jun-19,Jun-19,2019,10,Q4,YTG
Jun-19,Jun-19,2019,10,Q4,YTG
Jun-19,Jun-19,2019,10,Q4,YTG
Jun-19,Jun-19,2019,10,Q4,YTG
Jun-19,Jun-19,2019,10,Q4,YTG
Jun-19,Jun-19,2019,10,Q4,YTG
Jun-19,Jun-19,2019,10,Q4,YTG
Jun-19,Jun-19,2019,10,Q4,YTG
Jul-19,Jul-19,2019,11,Q4,YTG
Jul-19,Jul-19,2019,11,Q4,YTG
Jul-19,Jul-19,2019,11,Q4,YTG
Jul-19,Jul-19,2019,11,Q4,YTG
Jul-19,Jul-19,2019,11,Q4,YTG
Jul-19,Jul-19,2019,11,Q4,YTG
Jul-19,Jul-19,2019,11,Q4,YTG
Jul-19,Jul-19,2019,11,Q4,YTG
Jul-19,Jul-19,2019,11,Q4,YTG
Jul-19,Jul-19,2019,11,Q4,YTG
Jul-19,Jul-19,2019,11,Q4,YTG
Jul-19,Jul-19,2019,11,Q4,YTG
Jul-19,Jul-19,2019,11,Q4,YTG
Jul-19,Jul-19,2019,11,Q4,YTG
Jul-19,Jul-19,2019,11,Q4,YTG
Jul-19,Jul-19,2019,11,Q4,YTG
Jul-19,Jul-19,2019,11,Q4,YTG
Jul-19,Jul-19,2019,11,Q4,YTG
Jul-19,Jul-19,2019,11,Q4,YTG
Jul-19,Jul-19,2019,11,Q4,YTG
Jul-19,Jul-19,2019,11,Q4,YTG
Jul-19,Jul-19,2019,11,Q4,YTG
Jul-19,Jul-19,2019,11,Q4,YTG
Jul-19,Jul-19,2019,11,Q4,YTG
Jul-19,Jul-19,2019,11,Q4,YTG
Jul-19,Jul-19,2019,11,Q4,YTG
Jul-19,Jul-19,2019,11,Q4,YTG
Jul-19,Jul-19,2019,11,Q4,YTG
Jul-19,Jul-19,2019,11,Q4,YTG
Jul-19,Jul-19,2019,11,Q4,YTG
Jul-19,Jul-19,2019,11,Q4,YTG
Aug-19,Aug-19,2019,12,Q4,YTG
Aug-19,Aug-19,2019,12,Q4,YTG
Aug-19,Aug-19,2019,12,Q4,YTG
Aug-19,Aug-19,2019,12,Q4,YTG
Aug-19,Aug-19,2019,12,Q4,YTG
Aug-19,Aug-19,2019,12,Q4,YTG
Aug-19,Aug-19,2019,12,Q4,YTG
Aug-19,Aug-19,2019,12,Q4,YTG
Aug-19,Aug-19,2019,12,Q4,YTG
Aug-19,Aug-19,2019,12,Q4,YTG
Aug-19,Aug-19,2019,12,Q4,YTG
Aug-19,Aug-19,2019,12,Q4,YTG
Aug-19,Aug-19,2019,12,Q4,YTG
Aug-19,Aug-19,2019,12,Q4,YTG
Aug-19,Aug-19,2019,12,Q4,YTG
Aug-19,Aug-19,2019,12,Q4,YTG
Aug-19,Aug-19,2019,12,Q4,YTG
Aug-19,Aug-19,2019,12,Q4,YTG
Aug-19,Aug-19,2019,12,Q4,YTG
Aug-19,Aug-19,2019,12,Q4,YTG
Aug-19,Aug-19,2019,12,Q4,YTG
Aug-19,Aug-19,2019,12,Q4,YTG
Aug-19,Aug-19,2019,12,Q4,YTG
Aug-19,Aug-19,2019,12,Q4,YTG
Aug-19,Aug-19,2019,12,Q4,YTG
Aug-19,Aug-19,2019,12,Q4,YTG
Aug-19,Aug-19,2019,12,Q4,YTG
Aug-19,Aug-19,2019,12,Q4,YTG
Aug-19,Aug-19,2019,12,Q4,YTG
Aug-19,Aug-19,2019,12,Q4,YTG
Aug-19,Aug-19,2019,12,Q4,YTG
Sep-20,Sep-20,2021,1,Q1,YTD
Sep-20,Sep-20,2021,1,Q1,YTD
Sep-20,Sep-20,2021,1,Q1,YTD
Sep-20,Sep-20,2021,1,Q1,YTD
Sep-20,Sep-20,2021,1,Q1,YTD
Sep-20,Sep-20,2021,1,Q1,YTD
Sep-20,Sep-20,2021,1,Q1,YTD
Sep-20,Sep-20,2021,1,Q1,YTD
Sep-20,Sep-20,2021,1,Q1,YTD
Sep-20,Sep-20,2021,1,Q1,YTD
Sep-20,Sep-20,2021,1,Q1,YTD
Sep-20,Sep-20,2021,1,Q1,YTD
Sep-20,Sep-20,2021,1,Q1,YTD
Sep-20,Sep-20,2021,1,Q1,YTD
Sep-20,Sep-20,2021,1,Q1,YTD
Sep-20,Sep-20,2021,1,Q1,YTD
Sep-20,Sep-20,2021,1,Q1,YTD
Sep-20,Sep-20,2021,1,Q1,YTD
Sep-20,Sep-20,2021,1,Q1,YTD
Sep-20,Sep-20,2021,1,Q1,YTD
Sep-20,Sep-20,2021,1,Q1,YTD
Sep-20,Sep-20,2021,1,Q1,YTD
Sep-20,Sep-20,2021,1,Q1,YTD
Sep-20,Sep-20,2021,1,Q1,YTD
Sep-20,Sep-20,2021,1,Q1,YTD
Sep-20,Sep-20,2021,1,Q1,YTD
Sep-20,Sep-20,2021,1,Q1,YTD
Sep-20,Sep-20,2021,1,Q1,YTD
Sep-20,Sep-20,2021,1,Q1,YTD
Sep-20,Sep-20,2021,1,Q1,YTD
Oct-20,Oct-20,2021,2,Q1,YTD
Oct-20,Oct-20,2021,2,Q1,YTD
Oct-20,Oct-20,2021,2,Q1,YTD
Oct-20,Oct-20,2021,2,Q1,YTD
Oct-20,Oct-20,2021,2,Q1,YTD
Oct-20,Oct-20,2021,2,Q1,YTD
Oct-20,Oct-20,2021,2,Q1,YTD
Oct-20,Oct-20,2021,2,Q1,YTD
Oct-20,Oct-20,2021,2,Q1,YTD
Oct-20,Oct-20,2021,2,Q1,YTD
Oct-20,Oct-20,2021,2,Q1,YTD
Oct-20,Oct-20,2021,2,Q1,YTD
Oct-20,Oct-20,2021,2,Q1,YTD
Oct-20,Oct-20,2021,2,Q1,YTD
Oct-20,Oct-20,2021,2,Q1,YTD
Oct-20,Oct-20,2021,2,Q1,YTD
Oct-20,Oct-20,2021,2,Q1,YTD
Oct-20,Oct-20,2021,2,Q1,YTD
Oct-20,Oct-20,2021,2,Q1,YTD
Oct-20,Oct-20,2021,2,Q1,YTD
Oct-20,Oct-20,2021,2,Q1,YTD
Oct-20,Oct-20,2021,2,Q1,YTD
Oct-20,Oct-20,2021,2,Q1,YTD
Oct-20,Oct-20,2021,2,Q1,YTD
Oct-20,Oct-20,2021,2,Q1,YTD
Oct-20,Oct-20,2021,2,Q1,YTD
Oct-20,Oct-20,2021,2,Q1,YTD
Oct-20,Oct-20,2021,2,Q1,YTD
Oct-20,Oct-20,2021,2,Q1,YTD
Oct-20,Oct-20,2021,2,Q1,YTD
Oct-20,Oct-20,2021,2,Q1,YTD
Nov-20,Nov-20,2021,3,Q1,YTD
Nov-20,Nov-20,2021,3,Q1,YTD
Nov-20,Nov-20,2021,3,Q1,YTD
Nov-20,Nov-20,2021,3,Q1,YTD
Nov-20,Nov-20,2021,3,Q1,YTD
Nov-20,Nov-20,2021,3,Q1,YTD
Nov-20,Nov-20,2021,3,Q1,YTD
Nov-20,Nov-20,2021,3,Q1,YTD
Nov-20,Nov-20,2021,3,Q1,YTD
Nov-20,Nov-20,2021,3,Q1,YTD
Nov-20,Nov-20,2021,3,Q1,YTD
Nov-20,Nov-20,2021,3,Q1,YTD
Nov-20,Nov-20,2021,3,Q1,YTD
Nov-20,Nov-20,2021,3,Q1,YTD
Nov-20,Nov-20,2021,3,Q1,YTD
Nov-20,Nov-20,2021,3,Q1,YTD
Nov-20,Nov-20,2021,3,Q1,YTD
Nov-20,Nov-20,2021,3,Q1,YTD
Nov-20,Nov-20,2021,3,Q1,YTD
Nov-20,Nov-20,2021,3,Q1,YTD
Nov-20,Nov-20,2021,3,Q1,YTD
Nov-20,Nov-20,2021,3,Q1,YTD
Nov-20,Nov-20,2021,3,Q1,YTD
Nov-20,Nov-20,2021,3,Q1,YTD
Nov-20,Nov-20,2021,3,Q1,YTD
Nov-20,Nov-20,2021,3,Q1,YTD
Nov-20,Nov-20,2021,3,Q1,YTD
Nov-20,Nov-20,2021,3,Q1,YTD
Nov-20,Nov-20,2021,3,Q1,YTD
Nov-20,Nov-20,2021,3,Q1,YTD
Dec-20,Dec-20,2021,4,Q2,YTD
Dec-20,Dec-20,2021,4,Q2,YTD
Dec-20,Dec-20,2021,4,Q2,YTD
Dec-20,Dec-20,2021,4,Q2,YTD
Dec-20,Dec-20,2021,4,Q2,YTD
Dec-20,Dec-20,2021,4,Q2,YTD
Dec-20,Dec-20,2021,4,Q2,YTD
Dec-20,Dec-20,2021,4,Q2,YTD
Dec-20,Dec-20,2021,4,Q2,YTD
Dec-20,Dec-20,2021,4,Q2,YTD
Dec-20,Dec-20,2021,4,Q2,YTD
Dec-20,Dec-20,2021,4,Q2,YTD
Dec-20,Dec-20,2021,4,Q2,YTD
Dec-20,Dec-20,2021,4,Q2,YTD
Dec-20,Dec-20,2021,4,Q2,YTD
Dec-20,Dec-20,2021,4,Q2,YTD
Dec-20,Dec-20,2021,4,Q2,YTD
Dec-20,Dec-20,2021,4,Q2,YTD
Dec-20,Dec-20,2021,4,Q2,YTD
Dec-20,Dec-20,2021,4,Q2,YTD
Dec-20,Dec-20,2021,4,Q2,YTD
Dec-20,Dec-20,2021,4,Q2,YTD
Dec-20,Dec-20,2021,4,Q2,YTD
Dec-20,Dec-20,2021,4,Q2,YTD
Dec-20,Dec-20,2021,4,Q2,YTD
Dec-20,Dec-20,2021,4,Q2,YTD
Dec-20,Dec-20,2021,4,Q2,YTD
Dec-20,Dec-20,2021,4,Q2,YTD
Dec-20,Dec-20,2021,4,Q2,YTD
Dec-20,Dec-20,2021,4,Q2,YTD
Dec-20,Dec-20,2021,4,Q2,YTD
Jan-21,Jan-21,2021,5,Q2,YTG
Jan-21,Jan-21,2021,5,Q2,YTG
Jan-21,Jan-21,2021,5,Q2,YTG
Jan-21,Jan-21,2021,5,Q2,YTG
Jan-21,Jan-21,2021,5,Q2,YTG
Jan-21,Jan-21,2021,5,Q2,YTG
Jan-21,Jan-21,2021,5,Q2,YTG
Jan-21,Jan-21,2021,5,Q2,YTG
Jan-21,Jan-21,2021,5,Q2,YTG
Jan-21,Jan-21,2021,5,Q2,YTG
Jan-21,Jan-21,2021,5,Q2,YTG
Jan-21,Jan-21,2021,5,Q2,YTG
Jan-21,Jan-21,2021,5,Q2,YTG
Jan-21,Jan-21,2021,5,Q2,YTG
Jan-21,Jan-21,2021,5,Q2,YTG
Jan-21,Jan-21,2021,5,Q2,YTG
Jan-21,Jan-21,2021,5,Q2,YTG
Jan-21,Jan-21,2021,5,Q2,YTG
Jan-21,Jan-21,2021,5,Q2,YTG
Jan-21,Jan-21,2021,5,Q2,YTG
Jan-21,Jan-21,2021,5,Q2,YTG
Jan-21,Jan-21,2021,5,Q2,YTG
Jan-21,Jan-21,2021,5,Q2,YTG
Jan-21,Jan-21,2021,5,Q2,YTG
Jan-21,Jan-21,2021,5,Q2,YTG
Jan-21,Jan-21,2021,5,Q2,YTG
Jan-21,Jan-21,2021,5,Q2,YTG
Jan-21,Jan-21,2021,5,Q2,YTG
Jan-21,Jan-21,2021,5,Q2,YTG
Jan-21,Jan-21,2021,5,Q2,YTG
Jan-21,Jan-21,2021,5,Q2,YTG
Feb-21,Feb-21,2021,6,Q2,YTG
Feb-21,Feb-21,2021,6,Q2,YTG
Feb-21,Feb-21,2021,6,Q2,YTG
Feb-21,Feb-21,2021,6,Q2,YTG
Feb-21,Feb-21,2021,6,Q2,YTG
Feb-21,Feb-21,2021,6,Q2,YTG
Feb-21,Feb-21,2021,6,Q2,YTG
Feb-21,Feb-21,2021,6,Q2,YTG
Feb-21,Feb-21,2021,6,Q2,YTG
Feb-21,Feb-21,2021,6,Q2,YTG
Feb-21,Feb-21,2021,6,Q2,YTG
Feb-21,Feb-21,2021,6,Q2,YTG
Feb-21,Feb-21,2021,6,Q2,YTG
Feb-21,Feb-21,2021,6,Q2,YTG
Feb-21,Feb-21,2021,6,Q2,YTG
Feb-21,Feb-21,2021,6,Q2,YTG
Feb-21,Feb-21,2021,6,Q2,YTG
Feb-21,Feb-21,2021,6,Q2,YTG
Feb-21,Feb-21,2021,6,Q2,YTG
Feb-21,Feb-21,2021,6,Q2,YTG
Feb-21,Feb-21,2021,6,Q2,YTG
Feb-21,Feb-21,2021,6,Q2,YTG
Feb-21,Feb-21,2021,6,Q2,YTG
Feb-21,Feb-21,2021,6,Q2,YTG
Feb-21,Feb-21,2021,6,Q2,YTG
Feb-21,Feb-21,2021,6,Q2,YTG
Feb-21,Feb-21,2021,6,Q2,YTG
Feb-21,Feb-21,2021,6,Q2,YTG
Mar-21,Mar-21,2021,7,Q3,YTG
Mar-21,Mar-21,2021,7,Q3,YTG
Mar-21,Mar-21,2021,7,Q3,YTG
Mar-21,Mar-21,2021,7,Q3,YTG
Mar-21,Mar-21,2021,7,Q3,YTG
Mar-21,Mar-21,2021,7,Q3,YTG
Mar-21,Mar-21,2021,7,Q3,YTG
Mar-21,Mar-21,2021,7,Q3,YTG
Mar-21,Mar-21,2021,7,Q3,YTG
Mar-21,Mar-21,2021,7,Q3,YTG
Mar-21,Mar-21,2021,7,Q3,YTG
Mar-21,Mar-21,2021,7,Q3,YTG
Mar-21,Mar-21,2021,7,Q3,YTG
Mar-21,Mar-21,2021,7,Q3,YTG
Mar-21,Mar-21,2021,7,Q3,YTG
Mar-21,Mar-21,2021,7,Q3,YTG
Mar-21,Mar-21,2021,7,Q3,YTG
Mar-21,Mar-21,2021,7,Q3,YTG
Mar-21,Mar-21,2021,7,Q3,YTG
Mar-21,Mar-21,2021,7,Q3,YTG
Mar-21,Mar-21,2021,7,Q3,YTG
Mar-21,Mar-21,2021,7,Q3,YTG
Mar-21,Mar-21,2021,7,Q3,YTG
Mar-21,Mar-21,2021,7,Q3,YTG
Mar-21,Mar-21,2021,7,Q3,YTG
Mar-21,Mar-21,2021,7,Q3,YTG
Mar-21,Mar-21,2021,7,Q3,YTG
Mar-21,Mar-21,2021,7,Q3,YTG
Mar-21,Mar-21,2021,7,Q3,YTG
Mar-21,Mar-21,2021,7,Q3,YTG
Mar-21,Mar-21,2021,7,Q3,YTG
Apr-21,Apr-21,2021,8,Q3,YTG
Apr-21,Apr-21,2021,8,Q3,YTG
Apr-21,Apr-21,2021,8,Q3,YTG
Apr-21,Apr-21,2021,8,Q3,YTG
Apr-21,Apr-21,2021,8,Q3,YTG
Apr-21,Apr-21,2021,8,Q3,YTG
Apr-21,Apr-21,2021,8,Q3,YTG
Apr-21,Apr-21,2021,8,Q3,YTG
Apr-21,Apr-21,2021,8,Q3,YTG
Apr-21,Apr-21,2021,8,Q3,YTG
Apr-21,Apr-21,2021,8,Q3,YTG
Apr-21,Apr-21,2021,8,Q3,YTG
Apr-21,Apr-21,2021,8,Q3,YTG
Apr-21,Apr-21,2021,8,Q3,YTG
Apr-21,Apr-21,2021,8,Q3,YTG
Apr-21,Apr-21,2021,8,Q3,YTG
Apr-21,Apr-21,2021,8,Q3,YTG
Apr-21,Apr-21,2021,8,Q3,YTG
Apr-21,Apr-21,2021,8,Q3,YTG
Apr-21,Apr-21,2021,8,Q3,YTG
Apr-21,Apr-21,2021,8,Q3,YTG
Apr-21,Apr-21,2021,8,Q3,YTG
Apr-21,Apr-21,2021,8,Q3,YTG
Apr-21,Apr-21,2021,8,Q3,YTG
Apr-21,Apr-21,2021,8,Q3,YTG
Apr-21,Apr-21,2021,8,Q3,YTG
Apr-21,Apr-21,2021,8,Q3,YTG
Apr-21,Apr-21,2021,8,Q3,YTG
Apr-21,Apr-21,2021,8,Q3,YTG
Apr-21,Apr-21,2021,8,Q3,YTG
May-21,May-21,2021,9,Q3,YTG
May-21,May-21,2021,9,Q3,YTG
May-21,May-21,2021,9,Q3,YTG
May-21,May-21,2021,9,Q3,YTG
May-21,May-21,2021,9,Q3,YTG
May-21,May-21,2021,9,Q3,YTG
May-21,May-21,2021,9,Q3,YTG
May-21,May-21,2021,9,Q3,YTG
May-21,May-21,2021,9,Q3,YTG
May-21,May-21,2021,9,Q3,YTG
May-21,May-21,2021,9,Q3,YTG
May-21,May-21,2021,9,Q3,YTG
May-21,May-21,2021,9,Q3,YTG
May-21,May-21,2021,9,Q3,YTG
May-21,May-21,2021,9,Q3,YTG
May-21,May-21,2021,9,Q3,YTG
May-21,May-21,2021,9,Q3,YTG
May-21,May-21,2021,9,Q3,YTG
May-21,May-21,2021,9,Q3,YTG
May-21,May-21,2021,9,Q3,YTG
May-21,May-21,2021,9,Q3,YTG
May-21,May-21,2021,9,Q3,YTG
May-21,May-21,2021,9,Q3,YTG
May-21,May-21,2021,9,Q3,YTG
May-21,May-21,2021,9,Q3,YTG
May-21,May-21,2021,9,Q3,YTG
May-21,May-21,2021,9,Q3,YTG
May-21,May-21,2021,9,Q3,YTG
May-21,May-21,2021,9,Q3,YTG
May-21,May-21,2021,9,Q3,YTG
May-21,May-21,2021,9,Q3,YTG
Jun-21,Jun-21,2021,10,Q4,YTG
Jun-21,Jun-21,2021,10,Q4,YTG
Jun-21,Jun-21,2021,10,Q4,YTG
Jun-21,Jun-21,2021,10,Q4,YTG
Jun-21,Jun-21,2021,10,Q4,YTG
Jun-21,Jun-21,2021,10,Q4,YTG
Jun-21,Jun-21,2021,10,Q4,YTG
Jun-21,Jun-21,2021,10,Q4,YTG
Jun-21,Jun-21,2021,10,Q4,YTG
Jun-21,Jun-21,2021,10,Q4,YTG
Jun-21,Jun-21,2021,10,Q4,YTG
Jun-21,Jun-21,2021,10,Q4,YTG
Jun-21,Jun-21,2021,10,Q4,YTG
Jun-21,Jun-21,2021,10,Q4,YTG
Jun-21,Jun-21,2021,10,Q4,YTG
Jun-21,Jun-21,2021,10,Q4,YTG
Jun-21,Jun-21,2021,10,Q4,YTG
Jun-21,Jun-21,2021,10,Q4,YTG
Jun-21,Jun-21,2021,10,Q4,YTG
Jun-21,Jun-21,2021,10,Q4,YTG
Jun-21,Jun-21,2021,10,Q4,YTG
Jun-21,Jun-21,2021,10,Q4,YTG
Jun-21,Jun-21,2021,10,Q4,YTG
Jun-21,Jun-21,2021,10,Q4,YTG
Jun-21,Jun-21,2021,10,Q4,YTG
Jun-21,Jun-21,2021,10,Q4,YTG
Jun-21,Jun-21,2021,10,Q4,YTG
Jun-21,Jun-21,2021,10,Q4,YTG
Jun-21,Jun-21,2021,10,Q4,YTG
Jun-21,Jun-21,2021,10,Q4,YTG
Jul-21,Jul-21,2021,11,Q4,YTG
Jul-21,Jul-21,2021,11,Q4,YTG
Jul-21,Jul-21,2021,11,Q4,YTG
Jul-21,Jul-21,2021,11,Q4,YTG
Jul-21,Jul-21,2021,11,Q4,YTG
Jul-21,Jul-21,2021,11,Q4,YTG
Jul-21,Jul-21,2021,11,Q4,YTG
Jul-21,Jul-21,2021,11,Q4,YTG
Jul-21,Jul-21,2021,11,Q4,YTG
Jul-21,Jul-21,2021,11,Q4,YTG
Jul-21,Jul-21,2021,11,Q4,YTG
Jul-21,Jul-21,2021,11,Q4,YTG
Jul-21,Jul-21,2021,11,Q4,YTG
Jul-21,Jul-21,2021,11,Q4,YTG
Jul-21,Jul-21,2021,11,Q4,YTG
Jul-21,Jul-21,2021,11,Q4,YTG
Jul-21,Jul-21,2021,11,Q4,YTG
Jul-21,Jul-21,2021,11,Q4,YTG
Jul-21,Jul-21,2021,11,Q4,YTG
Jul-21,Jul-21,2021,11,Q4,YTG
Jul-21,Jul-21,2021,11,Q4,YTG
Jul-21,Jul-21,2021,11,Q4,YTG
Jul-21,Jul-21,2021,11,Q4,YTG
Jul-21,Jul-21,2021,11,Q4,YTG
Jul-21,Jul-21,2021,11,Q4,YTG
Jul-21,Jul-21,2021,11,Q4,YTG
Jul-21,Jul-21,2021,11,Q4,YTG
Jul-21,Jul-21,2021,11,Q4,YTG
Jul-21,Jul-21,2021,11,Q4,YTG
Jul-21,Jul-21,2021,11,Q4,YTG
Jul-21,Jul-21,2021,11,Q4,YTG
Aug-21,Aug-21,2021,12,Q4,YTG
Aug-21,Aug-21,2021,12,Q4,YTG
Aug-21,Aug-21,2021,12,Q4,YTG
Aug-21,Aug-21,2021,12,Q4,YTG
Aug-21,Aug-21,2021,12,Q4,YTG
Aug-21,Aug-21,2021,12,Q4,YTG
Aug-21,Aug-21,2021,12,Q4,YTG
Aug-21,Aug-21,2021,12,Q4,YTG
Aug-21,Aug-21,2021,12,Q4,YTG
Aug-21,Aug-21,2021,12,Q4,YTG
Aug-21,Aug-21,2021,12,Q4,YTG
Aug-21,Aug-21,2021,12,Q4,YTG
Aug-21,Aug-21,2021,12,Q4,YTG
Aug-21,Aug-21,2021,12,Q4,YTG
Aug-21,Aug-21,2021,12,Q4,YTG
Aug-21,Aug-21,2021,12,Q4,YTG
Aug-21,Aug-21,2021,12,Q4,YTG
Aug-21,Aug-21,2021,12,Q4,YTG
Aug-21,Aug-21,2021,12,Q4,YTG
Aug-21,Aug-21,2021,12,Q4,YTG
Aug-21,Aug-21,2021,12,Q4,YTG
Aug-21,Aug-21,2021,12,Q4,YTG
Aug-21,Aug-21,2021,12,Q4,YTG
Aug-21,Aug-21,2021,12,Q4,YTG
Aug-21,Aug-21,2021,12,Q4,YTG
Aug-21,Aug-21,2021,12,Q4,YTG
Aug-21,Aug-21,2021,12,Q4,YTG
Aug-21,Aug-21,2021,12,Q4,YTG
Aug-21,Aug-21,2021,12,Q4,YTG
Aug-21,Aug-21,2021,12,Q4,YTG
Aug-21,Aug-21,2021,12,Q4,YTG
Sep-21,Sep-21,2022,1,Q1,YTD
Sep-21,Sep-21,2022,1,Q1,YTD
Sep-21,Sep-21,2022,1,Q1,YTD
Sep-21,Sep-21,2022,1,Q1,YTD
Sep-21,Sep-21,2022,1,Q1,YTD
Sep-21,Sep-21,2022,1,Q1,YTD
Sep-21,Sep-21,2022,1,Q1,YTD
Sep-21,Sep-21,2022,1,Q1,YTD
Sep-21,Sep-21,2022,1,Q1,YTD
Sep-21,Sep-21,2022,1,Q1,YTD
Sep-21,Sep-21,2022,1,Q1,YTD
Sep-21,Sep-21,2022,1,Q1,YTD
Sep-21,Sep-21,2022,1,Q1,YTD
Sep-21,Sep-21,2022,1,Q1,YTD
Sep-21,Sep-21,2022,1,Q1,YTD
Sep-21,Sep-21,2022,1,Q1,YTD
Sep-21,Sep-21,2022,1,Q1,YTD
Sep-21,Sep-21,2022,1,Q1,YTD
Sep-21,Sep-21,2022,1,Q1,YTD
Sep-21,Sep-21,2022,1,Q1,YTD
Sep-21,Sep-21,2022,1,Q1,YTD
Sep-21,Sep-21,2022,1,Q1,YTD
Sep-21,Sep-21,2022,1,Q1,YTD
Sep-21,Sep-21,2022,1,Q1,YTD
Sep-21,Sep-21,2022,1,Q1,YTD
Sep-21,Sep-21,2022,1,Q1,YTD
Sep-21,Sep-21,2022,1,Q1,YTD
Sep-21,Sep-21,2022,1,Q1,YTD
Sep-21,Sep-21,2022,1,Q1,YTD
Sep-21,Sep-21,2022,1,Q1,YTD
Oct-21,Oct-21,2022,2,Q1,YTD
Oct-21,Oct-21,2022,2,Q1,YTD
Oct-21,Oct-21,2022,2,Q1,YTD
Oct-21,Oct-21,2022,2,Q1,YTD
Oct-21,Oct-21,2022,2,Q1,YTD
Oct-21,Oct-21,2022,2,Q1,YTD
Oct-21,Oct-21,2022,2,Q1,YTD
Oct-21,Oct-21,2022,2,Q1,YTD
Oct-21,Oct-21,2022,2,Q1,YTD
Oct-21,Oct-21,2022,2,Q1,YTD
Oct-21,Oct-21,2022,2,Q1,YTD
Oct-21,Oct-21,2022,2,Q1,YTD
Oct-21,Oct-21,2022,2,Q1,YTD
Oct-21,Oct-21,2022,2,Q1,YTD
Oct-21,Oct-21,2022,2,Q1,YTD
Oct-21,Oct-21,2022,2,Q1,YTD
Oct-21,Oct-21,2022,2,Q1,YTD
Oct-21,Oct-21,2022,2,Q1,YTD
Oct-21,Oct-21,2022,2,Q1,YTD
Oct-21,Oct-21,2022,2,Q1,YTD
Oct-21,Oct-21,2022,2,Q1,YTD
Oct-21,Oct-21,2022,2,Q1,YTD
Oct-21,Oct-21,2022,2,Q1,YTD
Oct-21,Oct-21,2022,2,Q1,YTD
Oct-21,Oct-21,2022,2,Q1,YTD
Oct-21,Oct-21,2022,2,Q1,YTD
Oct-21,Oct-21,2022,2,Q1,YTD
Oct-21,Oct-21,2022,2,Q1,YTD
Oct-21,Oct-21,2022,2,Q1,YTD
Oct-21,Oct-21,2022,2,Q1,YTD
Oct-21,Oct-21,2022,2,Q1,YTD
Nov-21,Nov-21,2022,3,Q1,YTD
Nov-21,Nov-21,2022,3,Q1,YTD
Nov-21,Nov-21,2022,3,Q1,YTD
Nov-21,Nov-21,2022,3,Q1,YTD
Nov-21,Nov-21,2022,3,Q1,YTD
Nov-21,Nov-21,2022,3,Q1,YTD
Nov-21,Nov-21,2022,3,Q1,YTD
Nov-21,Nov-21,2022,3,Q1,YTD
Nov-21,Nov-21,2022,3,Q1,YTD
Nov-21,Nov-21,2022,3,Q1,YTD
Nov-21,Nov-21,2022,3,Q1,YTD
Nov-21,Nov-21,2022,3,Q1,YTD
Nov-21,Nov-21,2022,3,Q1,YTD
Nov-21,Nov-21,2022,3,Q1,YTD
Nov-21,Nov-21,2022,3,Q1,YTD
Nov-21,Nov-21,2022,3,Q1,YTD
Nov-21,Nov-21,2022,3,Q1,YTD
Nov-21,Nov-21,2022,3,Q1,YTD
Nov-21,Nov-21,2022,3,Q1,YTD
Nov-21,Nov-21,2022,3,Q1,YTD
Nov-21,Nov-21,2022,3,Q1,YTD
Nov-21,Nov-21,2022,3,Q1,YTD
Nov-21,Nov-21,2022,3,Q1,YTD
Nov-21,Nov-21,2022,3,Q1,YTD
Nov-21,Nov-21,2022,3,Q1,YTD
Nov-21,Nov-21,2022,3,Q1,YTD
Nov-21,Nov-21,2022,3,Q1,YTD
Nov-21,Nov-21,2022,3,Q1,YTD
Nov-21,Nov-21,2022,3,Q1,YTD
Nov-21,Nov-21,2022,3,Q1,YTD
Dec-21,Dec-21,2022,4,Q2,YTD
Dec-21,Dec-21,2022,4,Q2,YTD
Dec-21,Dec-21,2022,4,Q2,YTD
Dec-21,Dec-21,2022,4,Q2,YTD
Dec-21,Dec-21,2022,4,Q2,YTD
Dec-21,Dec-21,2022,4,Q2,YTD
Dec-21,Dec-21,2022,4,Q2,YTD
Dec-21,Dec-21,2022,4,Q2,YTD
Dec-21,Dec-21,2022,4,Q2,YTD
Dec-21,Dec-21,2022,4,Q2,YTD
Dec-21,Dec-21,2022,4,Q2,YTD
Dec-21,Dec-21,2022,4,Q2,YTD
Dec-21,Dec-21,2022,4,Q2,YTD
Dec-21,Dec-21,2022,4,Q2,YTD
Dec-21,Dec-21,2022,4,Q2,YTD
Dec-21,Dec-21,2022,4,Q2,YTD
Dec-21,Dec-21,2022,4,Q2,YTD
Dec-21,Dec-21,2022,4,Q2,YTD
Dec-21,Dec-21,2022,4,Q2,YTD
Dec-21,Dec-21,2022,4,Q2,YTD
Dec-21,Dec-21,2022,4,Q2,YTD
Dec-21,Dec-21,2022,4,Q2,YTD
Dec-21,Dec-21,2022,4,Q2,YTD
Dec-21,Dec-21,2022,4,Q2,YTD
Dec-21,Dec-21,2022,4,Q2,YTD
Dec-21,Dec-21,2022,4,Q2,YTD
Dec-21,Dec-21,2022,4,Q2,YTD
Dec-21,Dec-21,2022,4,Q2,YTD
Dec-21,Dec-21,2022,4,Q2,YTD
Dec-21,Dec-21,2022,4,Q2,YTD
Dec-21,Dec-21,2022,4,Q2,YTD
Jan-22,Jan-22,2022,5,Q2,YTG
Jan-22,Jan-22,2022,5,Q2,YTG
Jan-22,Jan-22,2022,5,Q2,YTG
Jan-22,Jan-22,2022,5,Q2,YTG
Jan-22,Jan-22,2022,5,Q2,YTG
Jan-22,Jan-22,2022,5,Q2,YTG
Jan-22,Jan-22,2022,5,Q2,YTG
Jan-22,Jan-22,2022,5,Q2,YTG
Jan-22,Jan-22,2022,5,Q2,YTG
Jan-22,Jan-22,2022,5,Q2,YTG
Jan-22,Jan-22,2022,5,Q2,YTG
Jan-22,Jan-22,2022,5,Q2,YTG
Jan-22,Jan-22,2022,5,Q2,YTG
Jan-22,Jan-22,2022,5,Q2,YTG
Jan-22,Jan-22,2022,5,Q2,YTG
Jan-22,Jan-22,2022,5,Q2,YTG
Jan-22,Jan-22,2022,5,Q2,YTG
Jan-22,Jan-22,2022,5,Q2,YTG
Jan-22,Jan-22,2022,5,Q2,YTG
Jan-22,Jan-22,2022,5,Q2,YTG
Jan-22,Jan-22,2022,5,Q2,YTG
Jan-22,Jan-22,2022,5,Q2,YTG
Jan-22,Jan-22,2022,5,Q2,YTG
Jan-22,Jan-22,2022,5,Q2,YTG
Jan-22,Jan-22,2022,5,Q2,YTG
Jan-22,Jan-22,2022,5,Q2,YTG
Jan-22,Jan-22,2022,5,Q2,YTG
Jan-22,Jan-22,2022,5,Q2,YTG
Jan-22,Jan-22,2022,5,Q2,YTG
Jan-22,Jan-22,2022,5,Q2,YTG
Jan-22,Jan-22,2022,5,Q2,YTG
Feb-22,Feb-22,2022,6,Q2,YTG
Feb-22,Feb-22,2022,6,Q2,YTG
Feb-22,Feb-22,2022,6,Q2,YTG
Feb-22,Feb-22,2022,6,Q2,YTG
Feb-22,Feb-22,2022,6,Q2,YTG
Feb-22,Feb-22,2022,6,Q2,YTG
Feb-22,Feb-22,2022,6,Q2,YTG
Feb-22,Feb-22,2022,6,Q2,YTG
Feb-22,Feb-22,2022,6,Q2,YTG
Feb-22,Feb-22,2022,6,Q2,YTG
Feb-22,Feb-22,2022,6,Q2,YTG
Feb-22,Feb-22,2022,6,Q2,YTG
Feb-22,Feb-22,2022,6,Q2,YTG
Feb-22,Feb-22,2022,6,Q2,YTG
Feb-22,Feb-22,2022,6,Q2,YTG
Feb-22,Feb-22,2022,6,Q2,YTG
Feb-22,Feb-22,2022,6,Q2,YTG
Feb-22,Feb-22,2022,6,Q2,YTG
Feb-22,Feb-22,2022,6,Q2,YTG
Feb-22,Feb-22,2022,6,Q2,YTG
Feb-22,Feb-22,2022,6,Q2,YTG
Feb-22,Feb-22,2022,6,Q2,YTG
Feb-22,Feb-22,2022,6,Q2,YTG
Feb-22,Feb-22,2022,6,Q2,YTG
Feb-22,Feb-22,2022,6,Q2,YTG
Feb-22,Feb-22,2022,6,Q2,YTG
Feb-22,Feb-22,2022,6,Q2,YTG
Feb-22,Feb-22,2022,6,Q2,YTG
Mar-22,Mar-22,2022,7,Q3,YTG
Mar-22,Mar-22,2022,7,Q3,YTG
Mar-22,Mar-22,2022,7,Q3,YTG
Mar-22,Mar-22,2022,7,Q3,YTG
Mar-22,Mar-22,2022,7,Q3,YTG
Mar-22,Mar-22,2022,7,Q3,YTG
Mar-22,Mar-22,2022,7,Q3,YTG
Mar-22,Mar-22,2022,7,Q3,YTG
Mar-22,Mar-22,2022,7,Q3,YTG
Mar-22,Mar-22,2022,7,Q3,YTG
Mar-22,Mar-22,2022,7,Q3,YTG
Mar-22,Mar-22,2022,7,Q3,YTG
Mar-22,Mar-22,2022,7,Q3,YTG
Mar-22,Mar-22,2022,7,Q3,YTG
Mar-22,Mar-22,2022,7,Q3,YTG
Mar-22,Mar-22,2022,7,Q3,YTG
Mar-22,Mar-22,2022,7,Q3,YTG
Mar-22,Mar-22,2022,7,Q3,YTG
Mar-22,Mar-22,2022,7,Q3,YTG
Mar-22,Mar-22,2022,7,Q3,YTG
Mar-22,Mar-22,2022,7,Q3,YTG
Mar-22,Mar-22,2022,7,Q3,YTG
Mar-22,Mar-22,2022,7,Q3,YTG
Mar-22,Mar-22,2022,7,Q3,YTG
Mar-22,Mar-22,2022,7,Q3,YTG
Mar-22,Mar-22,2022,7,Q3,YTG
Mar-22,Mar-22,2022,7,Q3,YTG
Mar-22,Mar-22,2022,7,Q3,YTG
Mar-22,Mar-22,2022,7,Q3,YTG
Mar-22,Mar-22,2022,7,Q3,YTG
Mar-22,Mar-22,2022,7,Q3,YTG
Apr-22,Apr-22,2022,8,Q3,YTG
Apr-22,Apr-22,2022,8,Q3,YTG
Apr-22,Apr-22,2022,8,Q3,YTG
Apr-22,Apr-22,2022,8,Q3,YTG
Apr-22,Apr-22,2022,8,Q3,YTG
Apr-22,Apr-22,2022,8,Q3,YTG
Apr-22,Apr-22,2022,8,Q3,YTG
Apr-22,Apr-22,2022,8,Q3,YTG
Apr-22,Apr-22,2022,8,Q3,YTG
Apr-22,Apr-22,2022,8,Q3,YTG
Apr-22,Apr-22,2022,8,Q3,YTG
Apr-22,Apr-22,2022,8,Q3,YTG
Apr-22,Apr-22,2022,8,Q3,YTG
Apr-22,Apr-22,2022,8,Q3,YTG
Apr-22,Apr-22,2022,8,Q3,YTG
Apr-22,Apr-22,2022,8,Q3,YTG
Apr-22,Apr-22,2022,8,Q3,YTG
Apr-22,Apr-22,2022,8,Q3,YTG
Apr-22,Apr-22,2022,8,Q3,YTG
Apr-22,Apr-22,2022,8,Q3,YTG
Apr-22,Apr-22,2022,8,Q3,YTG
Apr-22,Apr-22,2022,8,Q3,YTG
Apr-22,Apr-22,2022,8,Q3,YTG
Apr-22,Apr-22,2022,8,Q3,YTG
Apr-22,Apr-22,2022,8,Q3,YTG
Apr-22,Apr-22,2022,8,Q3,YTG
Apr-22,Apr-22,2022,8,Q3,YTG
Apr-22,Apr-22,2022,8,Q3,YTG
Apr-22,Apr-22,2022,8,Q3,YTG
Apr-22,Apr-22,2022,8,Q3,YTG
May-22,May-22,2022,9,Q3,YTG
May-22,May-22,2022,9,Q3,YTG
May-22,May-22,2022,9,Q3,YTG
May-22,May-22,2022,9,Q3,YTG
May-22,May-22,2022,9,Q3,YTG
May-22,May-22,2022,9,Q3,YTG
May-22,May-22,2022,9,Q3,YTG
May-22,May-22,2022,9,Q3,YTG
May-22,May-22,2022,9,Q3,YTG
May-22,May-22,2022,9,Q3,YTG
May-22,May-22,2022,9,Q3,YTG
May-22,May-22,2022,9,Q3,YTG
May-22,May-22,2022,9,Q3,YTG
May-22,May-22,2022,9,Q3,YTG
May-22,May-22,2022,9,Q3,YTG
May-22,May-22,2022,9,Q3,YTG
May-22,May-22,2022,9,Q3,YTG
May-22,May-22,2022,9,Q3,YTG
May-22,May-22,2022,9,Q3,YTG
May-22,May-22,2022,9,Q3,YTG
May-22,May-22,2022,9,Q3,YTG
May-22,May-22,2022,9,Q3,YTG
May-22,May-22,2022,9,Q3,YTG
May-22,May-22,2022,9,Q3,YTG
May-22,May-22,2022,9,Q3,YTG
May-22,May-22,2022,9,Q3,YTG
May-22,May-22,2022,9,Q3,YTG
May-22,May-22,2022,9,Q3,YTG
May-22,May-22,2022,9,Q3,YTG
May-22,May-22,2022,9,Q3,YTG
May-22,May-22,2022,9,Q3,YTG
Jun-22,Jun-22,2022,10,Q4,YTG
Jun-22,Jun-22,2022,10,Q4,YTG
Jun-22,Jun-22,2022,10,Q4,YTG
Jun-22,Jun-22,2022,10,Q4,YTG
Jun-22,Jun-22,2022,10,Q4,YTG
Jun-22,Jun-22,2022,10,Q4,YTG
Jun-22,Jun-22,2022,10,Q4,YTG
Jun-22,Jun-22,2022,10,Q4,YTG
Jun-22,Jun-22,2022,10,Q4,YTG
Jun-22,Jun-22,2022,10,Q4,YTG
Jun-22,Jun-22,2022,10,Q4,YTG
Jun-22,Jun-22,2022,10,Q4,YTG
Jun-22,Jun-22,2022,10,Q4,YTG
Jun-22,Jun-22,2022,10,Q4,YTG
Jun-22,Jun-22,2022,10,Q4,YTG
Jun-22,Jun-22,2022,10,Q4,YTG
Jun-22,Jun-22,2022,10,Q4,YTG
Jun-22,Jun-22,2022,10,Q4,YTG
Jun-22,Jun-22,2022,10,Q4,YTG
Jun-22,Jun-22,2022,10,Q4,YTG
Jun-22,Jun-22,2022,10,Q4,YTG
Jun-22,Jun-22,2022,10,Q4,YTG
Jun-22,Jun-22,2022,10,Q4,YTG
Jun-22,Jun-22,2022,10,Q4,YTG
Jun-22,Jun-22,2022,10,Q4,YTG
Jun-22,Jun-22,2022,10,Q4,YTG
Jun-22,Jun-22,2022,10,Q4,YTG
Jun-22,Jun-22,2022,10,Q4,YTG
Jun-22,Jun-22,2022,10,Q4,YTG
Jun-22,Jun-22,2022,10,Q4,YTG
Jul-22,Jul-22,2022,11,Q4,YTG
Jul-22,Jul-22,2022,11,Q4,YTG
Jul-22,Jul-22,2022,11,Q4,YTG
Jul-22,Jul-22,2022,11,Q4,YTG
Jul-22,Jul-22,2022,11,Q4,YTG
Jul-22,Jul-22,2022,11,Q4,YTG
Jul-22,Jul-22,2022,11,Q4,YTG
Jul-22,Jul-22,2022,11,Q4,YTG
Jul-22,Jul-22,2022,11,Q4,YTG
Jul-22,Jul-22,2022,11,Q4,YTG
Jul-22,Jul-22,2022,11,Q4,YTG
Jul-22,Jul-22,2022,11,Q4,YTG
Jul-22,Jul-22,2022,11,Q4,YTG
Jul-22,Jul-22,2022,11,Q4,YTG
Jul-22,Jul-22,2022,11,Q4,YTG
Jul-22,Jul-22,2022,11,Q4,YTG
Jul-22,Jul-22,2022,11,Q4,YTG
Jul-22,Jul-22,2022,11,Q4,YTG
Jul-22,Jul-22,2022,11,Q4,YTG
Jul-22,Jul-22,2022,11,Q4,YTG
Jul-22,Jul-22,2022,11,Q4,YTG
Jul-22,Jul-22,2022,11,Q4,YTG
Jul-22,Jul-22,2022,11,Q4,YTG
Jul-22,Jul-22,2022,11,Q4,YTG
Jul-22,Jul-22,2022,11,Q4,YTG
Jul-22,Jul-22,2022,11,Q4,YTG
Jul-22,Jul-22,2022,11,Q4,YTG
Jul-22,Jul-22,2022,11,Q4,YTG
Jul-22,Jul-22,2022,11,Q4,YTG
Jul-22,Jul-22,2022,11,Q4,YTG
Jul-22,Jul-22,2022,11,Q4,YTG
Aug-22,Aug-22,2022,12,Q4,YTG
Aug-22,Aug-22,2022,12,Q4,YTG
Aug-22,Aug-22,2022,12,Q4,YTG
Aug-22,Aug-22,2022,12,Q4,YTG
Aug-22,Aug-22,2022,12,Q4,YTG
Aug-22,Aug-22,2022,12,Q4,YTG
Aug-22,Aug-22,2022,12,Q4,YTG
Aug-22,Aug-22,2022,12,Q4,YTG
Aug-22,Aug-22,2022,12,Q4,YTG
Aug-22,Aug-22,2022,12,Q4,YTG
Aug-22,Aug-22,2022,12,Q4,YTG
Aug-22,Aug-22,2022,12,Q4,YTG
Aug-22,Aug-22,2022,12,Q4,YTG
Aug-22,Aug-22,2022,12,Q4,YTG
Aug-22,Aug-22,2022,12,Q4,YTG
Aug-22,Aug-22,2022,12,Q4,YTG
Aug-22,Aug-22,2022,12,Q4,YTG
Aug-22,Aug-22,2022,12,Q4,YTG
Aug-22,Aug-22,2022,12,Q4,YTG
Aug-22,Aug-22,2022,12,Q4,YTG
Aug-22,Aug-22,2022,12,Q4,YTG
Aug-22,Aug-22,2022,12,Q4,YTG
Aug-22,Aug-22,2022,12,Q4,YTG
Aug-22,Aug-22,2022,12,Q4,YTG
Aug-22,Aug-22,2022,12,Q4,YTG
Aug-22,Aug-22,2022,12,Q4,YTG
Aug-22,Aug-22,2022,12,Q4,YTG
Aug-22,Aug-22,2022,12,Q4,YTG
Aug-22,Aug-22,2022,12,Q4,YTG
Aug-22,Aug-22,2022,12,Q4,YTG
Aug-22,Aug-22,2022,12,Q4,YTG
